"","ID","Area_ha","EcoBoundaryName_select","AdminBoundaryName_select","Low_frac","Mod_frac","High_frac","Median_BUI","MCE","CH4_MgC","CO_MgC","CO2_MgC","NMOG_MgC","PM10_MgC","PM25_MgC","SumC_direct_emissions","ER_CO_CO2","ER_CH4_CO2","Prop_surface","CO2e_Mg","X","Y","unit_id","MgC_perha"
"1","586",3676.85911654,"Taiga Shield East","Labrador",0.106,0.072,0.763,30.933,0.917,1147.726,14779.494,103895.956,3269.705,4488.312,3788.622,131369.815,0.142,0.011,0.77,462710.128,-58.9261593965349,52.0951928430936,3,35.7288138697089
"2","594",4084.59705893,"Taiga Shield East","Labrador",0.104,0.449,0.321,10.742,0.921,974.009,12608.814,93076.501,2795.324,3837.55,3244.195,116536.393,0.135,0.01,0.77,410849.194,-62.017040200277,56.9838179931524,3,28.5306950278537
"3","593",1627.14734632,"Taiga Shield East","Labrador",0.187,0.135,0.545,47.63,0.913,503.699,6450.589,42959.369,1423.939,1954.411,1647.107,54939.115,0.15,0.012,0.77,193299.186,-65.9816428734135,52.4188437266476,3,33.7640688314133
"4","591",647.980803484,"Taiga Shield East","Labrador",0.164,0.402,0.325,29.204,0.916,177.936,2288.622,15907.698,506.08,694.677,586.184,20161.197,0.144,0.011,0.77,70995.99,-63.0545248538784,54.3953857915715,3,31.1138800587907
"5","592",879.091552775,"Taiga Shield East","Labrador",0.143,0.013,0.772,44.28,0.914,294.169,3773.987,25586.756,833.687,1144.309,964.882,32597.791,0.147,0.011,0.77,114733.927,-65.1142453163549,52.4022157695003,3,37.0812242446189
"6","590",6529.57510878,"Taiga Shield East","Labrador",0.369,0.172,0.244,27.434,0.914,1427.835,18306.828,123356.767,4042.943,5549.222,4678.187,157361.78,0.148,0.012,0.77,553797.383,-64.3191675678145,53.0929431791023,3,24.0998498950419
"7","589",1488.88149054,"Taiga Shield East","Labrador",0.021,0.322,0.01,15.533,0.92,146.177,1889.363,13751.513,418.612,574.671,485.606,17265.942,0.137,0.011,0.77,60854.717,-62.5240500191876,54.6251447934161,3,11.5965858328576
"8","581",817.768388244,"Atlantic Maritime","Nova Scotia",0.011,0.68,0.21,29.064,0.908,177.747,2263.173,14187.846,498.589,684.26,575.834,18387.449,0.16,0.013,0.77,64612.359,-63.8339296634811,44.7287712745691,5,22.4849104762823
"9","583",120.893229609,"Atlantic Maritime","Nova Scotia",0.101,0.255,0.012,90.745,0.895,16.663,209.59,1139.442,45.951,63.047,52.87,1527.564,0.184,0.015,0.77,5351.074,-65.7426665466937,43.6145407608461,5,12.6356455604713
"10","1807",124.133914951,"Atlantic Maritime","Nova Scotia",0.03,0.063,0.153,13.497,0.914,6.479,83.143,564.732,18.373,25.219,21.271,719.218,0.147,0.011,0.77,2531.433,-65.9524966770346,44.3431286409883,5,5.79388799816634
"11","584",118.269741545,"Atlantic Maritime","Nova Scotia",0.52,0.043,0.016,,0.946,2.746,37.678,420.125,8.547,11.747,10.092,490.935,0.09,0.007,0.745,1742.546,-65.2779200988045,43.7406190944719,5,4.1509771948999
"12","582",20264.7917853,"Atlantic Maritime","Nova Scotia",0.089,0.544,0.022,24.848,0.907,2931.357,37299.296,232180.866,8215.018,11274.085,9485.772,301386.394,0.161,0.013,0.77,1058896.964,-65.4677275255339,43.6400480499581,5,14.8724150335768
"13","588",1098.50053036,"Atlantic Maritime","New Brunswick",0,0,0.013,10.313,0.913,3.693,47.329,317.608,10.451,14.345,12.093,405.518,0.149,0.012,0.806,1426.997,-66.431697918335,45.5717989330906,7,0.369155943754623
"14","587",1179.41083751,"Atlantic Maritime","New Brunswick",0.002,0,0.004,12.652,0.911,1.659,21.19,137.351,4.673,6.413,5.401,176.687,0.154,0.012,0.806,621.315,-66.251150348865,45.7416881371053,7,0.149809544206857
"15","565",10485.6828878,"Hudson Plains","Ontario",0.104,0.346,0.445,97.076,0.907,3391.877,43129.869,266496.727,9495.614,13031.286,10961.249,346506.622,0.162,0.013,0.718,1217248.048,-77.3491487178409,51.5775118522747,18,33.0456896043611
"16","572",7718.72615905,"Hudson Plains","Ontario",0.149,0.151,0.625,125.728,0.904,2827.956,35876.594,216074.407,7891.386,10829.199,9102.811,282602.354,0.166,0.013,0.718,992218.422,-78.3076320632776,51.7798755697785,18,36.6125638060959
"17","568",2606.02060003,"Hudson Plains","Ontario",0.135,0.45,0.3,107.931,0.905,850.477,10798.445,65644.145,2376.04,3260.653,2741.533,85671.293,0.164,0.013,0.718,300851.679,-77.4496123304421,51.7175872469287,18,32.8743729036577
"18","563",1776.34720316,"Hudson Plains","Ontario",0.096,0.329,0.435,93.134,0.907,544.082,6921.488,42980.327,1524.133,2091.661,1759.629,55821.321,0.161,0.013,0.718,196116.039,-77.0584719527113,51.7647394619018,18,31.424780527533
"19","571",56824.0160152,"Hudson Plains","Ontario",0.134,0.301,0.443,133.664,0.904,19928.582,252666.416,1511156.271,55562.957,76247.027,64080.521,1979641.774,0.167,0.013,0.718,6949487.596,-77.8544739899699,52.0633054575185,18,34.838117979385
"20","562",10836.2663132,"Hudson Plains","Ontario",0.088,0.297,0.468,90.346,0.907,3271.657,41637.863,259764.346,9170.335,12585.121,10588.653,337017.975,0.16,0.013,0.718,1184155.181,-76.8408715213284,51.993810250282,18,31.1009313779477
"21","576",4631.26813733,"Hudson Plains","Ontario",0.157,0.166,0.545,125.474,0.904,1579.575,20035.226,120401.153,4406.6,6047.069,5082.767,157552.39,0.166,0.013,0.718,553141.067,-78.4106130810496,52.4801368847903,18,34.0192762172547
"22","575",517.23380424,"Hudson Plains","Ontario",0.221,0.223,0.235,129.146,0.903,132.56,1678.464,9887.884,368.915,506.235,425.296,12999.354,0.17,0.013,0.718,45618.966,-78.2085710311584,52.4943805810483,18,25.1324524681844
"23","569",1386.99470241,"Hudson Plains","Ontario",0.094,0.174,0.644,113.702,0.906,491.375,6241.665,38127.48,1373.602,1885.018,1585.091,49704.232,0.164,0.013,0.718,174564.548,-77.0184035513099,52.6135765270028,18,35.8359205796788
"24","559",4849.62929959,"Hudson Plains","Ontario",0.068,0.104,0.77,91.268,0.908,1666.35,21217.7,133069.518,4673.847,6414.324,5397.492,172439.231,0.159,0.013,0.718,605954.681,-76.189217933232,52.6253967098544,18,35.5571983645386
"25","2079",19248.49094,"Hudson Plains","Ontario",0.049,0.079,0.751,59.743,0.912,5303.527,67856.275,447663.632,14976.113,20555.079,17320.685,573675.312,0.152,0.012,0.718,2018010.16,-79.3075128247726,50.6446346466376,18,29.8036512985989
"26","2141",1349.57634778,"Hudson Plains","Ontario",0.03,0.108,0.578,66.371,0.911,314.159,4014.947,26178.964,885.713,1215.634,1024.016,33633.433,0.153,0.012,0.718,118283.618,-79.0873841945428,51.0633523398463,18,24.9214748430688
"27","348",275209.033467,"Hudson Plains","Ontario",0.147,0.219,0.521,96.058,0.906,87479.51,1112189.652,6860776.418,244847.916,336015.409,282625.945,8923934.85,0.162,0.013,0.718,31347931.534,-78.2502476893135,51.172827225328,18,32.4260244570426
"28","570",1212.47150801,"Taiga Shield East","Labrador",0.108,0.219,0.465,113.468,0.906,467.374,5938.581,36397.118,1306.781,1793.309,1507.871,47411.034,0.163,0.013,0.77,166526.49,-76.9799047681177,52.7656129449185,3,39.1028025704411
"29","347",441429.162038,"Taiga Shield East","Labrador",0.104,0.148,0.681,117.432,0.906,205324.07,2609446.475,16030085.824,574253.974,788058.177,662663.629,20869832.149,0.163,0.013,0.77,73306785.797,-77.6905400417241,53.1542771329392,3,47.277873651681
"30","566",16313.5860685,"Taiga Shield East","Labrador",0.061,0.173,0.691,123.118,0.906,7710.184,97992.083,602245.842,21565.201,29594.305,24885.596,783993.211,0.163,0.013,0.77,2753858.835,-76.7642976822655,53.0527860070978,3,48.0576868695852
"31","580",1007.70365401,"Taiga Shield East","Labrador",0.129,0.186,0.475,45.662,0.914,283.704,3636.554,24442.208,803.05,1102.238,929.175,31196.927,0.149,0.012,0.77,109784.29,-78.1224363526929,53.572766671266,3,30.9584339362636
"32","574",1178.94140818,"Taiga Shield East","Labrador",0.154,0.27,0.422,114.55,0.905,478.482,6075.868,36977.579,1336.651,1834.275,1542.031,48244.886,0.164,0.013,0.77,169430.048,-77.3900462898369,54.2330022014589,3,40.9222084026028
"33","579",26871.4633172,"Taiga Shield East","Labrador",0.45,0.187,0.239,89.035,0.904,9458.797,119905.852,715885.621,26360.27,36172.678,30394.156,938177.375,0.167,0.013,0.77,3293415.953,-77.8387256132137,54.5314847178918,3,34.9135201133422
"34","573",18670.700736,"Taiga Shield East","Labrador",0.336,0.178,0.393,98.924,0.905,7393.003,93810.945,566376.602,20631.796,28312.421,23796.52,740321.287,0.166,0.013,0.77,2599473.955,-77.2502165079055,54.4833691535125,3,39.651499826814
"35","578",5897.2086566,"Taiga Shield East","Labrador",0.295,0.527,0.036,92.685,0.905,2109.084,26760.24,161410.041,5885.211,8076.095,6787.807,211028.479,0.166,0.013,0.77,740964.076,-77.4809637577364,54.6709555470143,3,35.784468769614
"36","604",147.107210891,"Taiga Shield East","Labrador",0.245,0.485,0.066,87.494,0.906,48.325,613.758,3742.823,135.033,185.306,155.791,4881.037,0.164,0.013,0.77,17142.315,-77.0435011090391,54.9403707025631,3,33.1801342057707
"37","2074",104.362745089,"Taiga Shield East","Labrador",0.045,0.123,0.812,118.117,0.907,52.105,662.631,4100.15,145.862,200.171,168.353,5329.272,0.162,0.013,0.77,18722.306,-76.7805749954449,52.8312320434962,3,51.0648890603177
"38","561",75209.3664394,"Taiga Shield East","Labrador",0.324,0.151,0.481,92.689,0.906,31086.427,394866.894,2411599.543,86878.987,119224.141,100237.978,3143893.97,0.164,0.013,0.77,11041789.574,-75.804365437054,54.425998308795,3,41.8018940836737
"39","598",546.773305634,"Taiga Shield East","Labrador",0.13,0.182,0.554,67.253,0.91,192.675,2460.227,15896.1,542.445,744.48,626.885,20462.812,0.155,0.012,0.77,71952.6,-74.882286143489,55.6793242247708,3,37.4246726918622
"40","346",969353.9897,"Taiga Shield East","Labrador",0.027,0.732,0.224,93.789,0.908,434228.006,5527812.315,34585130.196,1217328.577,1670620.448,1405498.362,44840617.904,0.16,0.013,0.77,157566214.511,-75.2835433786118,53.185508848405,3,46.2582486691755
"41","558",11270.2540452,"Taiga Shield East","Labrador",0.038,0.064,0.248,80.501,0.909,1735.903,22135.668,141017.049,4877.959,6694.581,5634.918,182096.078,0.157,0.012,0.77,640111.31,-74.7674174359901,54.657927004106,3,16.1572292221358
"42","537",623.813830297,"Taiga Shield East","Labrador",0.123,0.154,0.402,47.03,0.913,151.495,1940.911,12980.228,428.52,588.165,495.745,16585.064,0.15,0.012,0.77,58358.21,-67.4748987806167,58.1560682022022,3,26.5865602756896
"43","526",720.57315001,"Taiga Shield East","Labrador",0.165,0.124,0.552,36.887,0.915,202.723,2603.348,17821.923,575.314,789.686,666.052,22659.045,0.146,0.011,0.77,79768.04,-66.2900803208396,56.8773080446173,3,31.4458636152146
"44","538",448.1370734,"Taiga Shield East","Labrador",0.118,0.798,0.043,32.767,0.915,134.437,1727.427,11892.269,381.836,524.122,442.143,15102.235,0.145,0.011,0.77,53171.174,-70.436267027546,54.3941689580384,3,33.7000348697328
"45","545",79882.8485712,"Taiga Shield East","Labrador",0.313,0.26,0.375,49.612,0.911,26069.009,333125.254,2169659.018,73471.538,100837.852,84928.547,2788091.216,0.154,0.012,0.77,9805266.117,-72.0939240620607,54.0077829597628,3,34.9022508068795
"46","548",1309.49918219,"Taiga Shield East","Labrador",0.148,0.706,0.08,49.694,0.912,428.157,5477.607,36105.49,1208.68,1658.925,1397.683,46276.541,0.152,0.012,0.77,162786.475,-72.7101955761494,53.4466192595672,3,35.339114089867
"47","553",7498.76286418,"Taiga Shield East","Labrador",0.333,0.121,0.307,82.471,0.905,2291.63,29102.998,177348.447,6402.741,8786.451,7386.786,231319.053,0.164,0.013,0.77,812386.358,-73.2305639079327,53.7718777131353,3,30.847628760867
"48","547",3943.96417842,"Taiga Shield East","Labrador",0.167,0.69,0.03,54.219,0.911,1246.418,15924.437,103512.275,3511.952,4820.051,4059.402,133074.536,0.154,0.012,0.77,467982.08,-71.6436856358686,54.9088850616133,3,33.7413145707909
"49","533",18875.5125384,"Taiga Shield East","Labrador",0.179,0.646,0.088,41.549,0.913,5657.459,72480.951,484662.051,16002.547,21964.299,18512.984,619280.291,0.15,0.012,0.77,2179067.033,-69.3403105626592,55.219268322829,3,32.8086609431213
"50","527",1188.83670602,"Taiga Shield East","Labrador",0.133,0.731,0.069,50.815,0.912,392.528,5021.34,33067.144,1107.962,1520.685,1281.179,42390.838,0.152,0.012,0.77,149114.942,-66.9304544709167,56.7162632187361,3,35.6574101265063
"51","524",910.030305125,"Taiga Shield East","Labrador",0.189,0.558,0.013,46.501,0.912,230.241,2944.135,19308.515,649.517,891.459,750.964,24774.832,0.152,0.012,0.77,87141.272,-66.1370456467656,56.878562974865,3,27.2241834810072
"52","525",486.842019635,"Taiga Shield East","Labrador",0.172,0.649,0.058,45.903,0.912,144.581,1850.359,12241.21,408.355,560.475,472.262,15677.243,0.151,0.012,0.77,55151.752,-66.0670314761723,56.9373214374392,3,32.2019102043692
"53","341",354112.524798,"Taiga Shield East","Labrador",0.308,0.182,0.319,78.363,0.906,114387.841,1454231.752,8966477.091,320072.648,439244.115,369389.065,11663802.513,0.162,0.013,0.77,40973122.137,-74.1384377736394,54.2298090529697,3,32.938124737761
"54","535",74977.2508938,"Taiga Shield East","Labrador",0.071,0.749,0.148,61.362,0.911,28026.807,358125.607,2331302.568,78985.227,108405.24,91301.855,2996147.304,0.154,0.012,0.77,10536836.779,-68.9185159050328,56.2304161514667,3,39.9607516717815
"55","531",2226.89583382,"Taiga Shield East","Labrador",0.199,0.659,0.031,46.506,0.912,664.346,8497.834,55915.138,1874.984,2573.423,2168.055,71693.78,0.152,0.012,0.77,252187.545,-68.7539236205051,55.321624724148,3,32.1944919520627
"56","500",2815.70095514,"Taiga Shield East","Labrador",0.241,0.299,0.407,46.21,0.912,916.547,11731.322,77698.543,2589.075,3553.563,2994.344,99483.394,0.151,0.012,0.77,349986.013,-70.8424570267153,54.8665657914196,3,35.3316618437037
"57","483",23946.93572,"Taiga Shield East","Labrador",0.326,0.265,0.374,42.927,0.912,7580.419,96995.19,640377.216,21403.81,29377.008,24751.642,820485.285,0.151,0.012,0.77,2886311.811,-70.2488111791744,52.5740076602221,3,34.2626419761401
"58","523",2472.49540352,"Taiga Shield East","Labrador",0.07,0.71,0.193,24.717,0.918,728.076,9385.089,66611.698,2077.146,2851.352,2407.567,84060.928,0.141,0.011,0.77,296133.983,-68.7866640249213,53.200983765543,3,33.9984162883885
"59","542",5254.58622013,"Taiga Shield East","Labrador",0.16,0.702,0.085,39.261,0.914,1618.012,20746.674,139898.138,4582.053,6289.209,5302.261,178436.347,0.148,0.012,0.77,627971.15,-70.4599825436913,54.7853046736672,3,33.9582108894552
"60","554",7810.80490976,"Taiga Shield East","Labrador",0.131,0.649,0.071,74.007,0.908,2676.372,34099.357,215281.445,7511.871,10309.221,8675.323,278553.59,0.158,0.012,0.77,978998.366,-73.0996459013397,54.6910578240637,3,35.6625972890365
"61","536",790.359133748,"Taiga Shield East","Labrador",0.155,0.759,0.034,29.98,0.916,226.48,2910.934,20095.545,643.514,883.314,745.212,25504.998,0.145,0.011,0.77,89801.627,-70.1877565742661,54.1432914526111,3,32.2701376006772
"62","596",693.916320307,"Taiga Shield East","Labrador",0.136,0.123,0.492,51.48,0.912,192.691,2466.73,16363.164,544.436,747.253,629.687,20943.961,0.151,0.012,0.77,73683.896,-68.5302839324309,57.9795706452325,3,30.182257409271
"63","532",386.032420814,"Taiga Shield East","Labrador",0.165,0.644,0.056,54.631,0.911,119.527,1527.042,9922.135,336.766,462.201,389.257,12756.928,0.154,0.012,0.77,44861.817,-67.5953939930857,56.9365340746594,3,33.046260656295
"64","551",1031.70511618,"Taiga Shield East","Labrador",0.174,0.494,0.019,64.047,0.909,263.24,3354.979,21253.587,739.173,1014.441,853.741,27479.162,0.158,0.012,0.77,96584.536,-72.333996786586,54.8335579101334,3,26.6347055656219
"65","544",5264.26552301,"Taiga Shield East","Labrador",0.172,0.014,0.764,49.116,0.913,1844.825,23634.941,158029.827,5218.13,7162.141,6036.684,201926.548,0.15,0.012,0.77,710520.357,-71.4608152411796,53.7292222477033,3,38.3579717089465
"66","529",8774.13103348,"Taiga Shield East","Labrador",0.127,0.688,0.094,56.394,0.911,2929.444,37436.819,244006.035,8257.137,11332.741,9545.064,313507.24,0.153,0.012,0.77,1102568.898,-67.3586905480603,56.8780201909512,3,35.7308591362188
"67","528",17731.5518524,"Taiga Shield East","Labrador",0.15,0.693,0.097,53.846,0.911,6003.788,76746.361,501633.539,16929.166,23235.044,19571.389,644119.287,0.153,0.012,0.77,2265424.14,-66.9872736371898,56.9850255693994,3,36.3261654908573
"68","534",1012.97973021,"Taiga Shield East","Labrador",0.158,0.673,0.073,56.818,0.911,333.689,4262.267,27638.042,939.906,1289.986,1086.34,35550.23,0.154,0.012,0.77,125012.944,-68.3214823132737,56.4630634889779,3,35.0947101307053
"69","556",359.894718611,"Taiga Shield East","Labrador",0.156,0.059,0.681,91.46,0.908,146.67,1867.096,11678.622,411.161,564.263,474.708,15142.519,0.16,0.013,0.77,53209.345,-73.9637730173516,53.8984078522297,3,42.0748574984428
"70","555",2058.90598137,"Taiga Shield East","Labrador",0.09,0.139,0.71,99.584,0.908,920.009,11710.321,73159.438,2578.664,3538.859,2977.111,94884.401,0.16,0.013,0.77,333406.164,-73.7535761400301,53.7064184249618,3,46.0848634461996
"71","550",12407.578778,"Taiga Shield East","Labrador",0.084,0.02,0.605,70.708,0.91,3732.983,47674.173,308608.057,10512.195,14427.549,12149.239,397104.196,0.154,0.012,0.77,1396375.932,-72.5499107247191,54.4601146984793,3,32.0049707606217
"72","543",4757.21692737,"Taiga Shield East","Labrador",0.131,0.71,0.097,40.042,0.914,1472.28,18881.334,127540.787,4170.377,5724.174,4826.146,162615.097,0.148,0.012,0.77,572311.124,-70.3460401496568,54.9151528782155,3,34.1828214863224
"73","339",271374.029898,"Taiga Shield East","Labrador",0.046,0.594,0.296,56.333,0.912,97097.544,1242547.358,8212694.899,274208.474,376355.933,317113.578,10520017.788,0.151,0.012,0.77,37008197.33,-73.2331304995825,52.9969416502679,3,38.7657499575553
"74","511",329.203629976,"Boreal Shield East","Quebec",0.163,0.289,0.477,54.886,0.908,88.725,1130.244,7122.762,248.987,341.707,287.552,9219.977,0.159,0.012,0.785,32402.848,-77.3569308051114,46.5683585110695,15,28.0069117119765
"75","602",254.483937357,"Boreal Shield East","Quebec",0.062,0.27,0.558,48.876,0.91,64.729,826.221,5319.273,182.157,250.001,210.501,6852.881,0.155,0.012,0.785,24094.573,-76.611220076348,47.5925201185617,15,26.928540446097
"76","564",52696.0699695,"Boreal Shield East","Quebec",0.11,0.208,0.567,75.813,0.905,15778.702,200371.382,1220124.869,44085.507,60498.567,50863.982,1591723.009,0.164,0.013,0.785,5589937.185,-77.1674571932951,51.334247654716,15,30.205725207236
"77","560",1319.20100499,"Boreal Shield East","Quebec",0.092,0.321,0.521,54.264,0.909,362.48,4620.467,29316.26,1018.119,1397.276,1176.041,37890.643,0.158,0.012,0.785,133182.393,-76.8868967923897,51.5289342256416,15,28.7224182339728
"78","2075",160.202476695,"Boreal Shield East","Quebec",0.232,0.382,0.176,,0.942,9.389,127.288,1321.853,28.737,39.489,33.816,1560.572,0.096,0.007,0.756,5533.48,-75.6387679434426,51.5299356356752,15,9.74124765231364
"79","601",305.6435766,"Boreal Shield East","Quebec",0.721,0.078,0.05,23.812,0.91,47.555,606.695,3884.312,133.728,183.532,154.509,5010.331,0.156,0.012,0.785,17614.22,-63.1790123887282,51.5339104196176,15,16.3927246753727
"80","2057",149.200694882,"Boreal Shield East","Quebec",0.398,0.221,0.292,34.528,0.911,31.226,398.834,2584.859,87.953,120.713,101.659,3325.244,0.154,0.012,0.785,11693.077,-67.1358317474247,52.7095094210503,15,22.2870543775273
"81","518",27585.3864803,"Boreal Shield East","Quebec",0.184,0.188,0.562,41.641,0.911,6781.575,86636.519,562751.073,19107.156,26224.042,22086.035,723586.4,0.154,0.012,0.785,2544578.273,-66.1114809883027,51.1481444342754,15,26.2307871059464
"82","344",68930.6204468,"Boreal Shield East","Quebec",0.036,0.435,0.363,98.623,0.903,21830.838,276546.828,1637827.31,60786.198,83412.654,70079.005,2150482.834,0.169,0.013,0.785,7547729.875,-75.5357551219613,49.2894307893107,15,31.1977872832252
"83","2058",134.245906764,"Boreal Shield East","Quebec",0.326,0.152,0.198,92.029,0.901,30.565,386.424,2236.704,84.873,116.461,97.79,2952.816,0.173,0.014,0.785,10358.546,-75.7782104689364,48.5898915065388,15,21.9955756654164
"84","515",1828.43450579,"Boreal Shield East","Quebec",0.039,0.393,0.4,49.318,0.91,433.329,5530.718,35575.284,1219.321,1673.452,1409.018,45841.122,0.155,0.012,0.785,161173.27,-75.3170436981224,49.2409568354416,15,25.0712409193972
"85","514",577.056062544,"Boreal Shield East","Quebec",0.214,0.435,0.22,98.32,0.902,181.363,2294.624,13397.162,504.129,691.763,580.982,17650.023,0.171,0.014,0.785,61928.452,-75.3251415375739,49.0388589013222,15,30.5863227953769
"86","597",852.353506576,"Boreal Shield East","Quebec",0.062,0.59,0.219,52.603,0.909,212.084,2704.022,17198.992,595.892,817.813,688.378,22217.181,0.157,0.012,0.785,78095.399,-74.9420325729529,49.7395432954544,15,26.0656885066959
"87","508",28046.9756547,"Boreal Shield East","Quebec",0.05,0.449,0.357,77.483,0.905,8187.135,103958.812,632468.404,22872.334,31387.676,26388.604,825262.965,0.164,0.013,0.785,2898165.1,-75.1169929774998,49.1760310276783,15,29.4243120955434
"88","516",17764.0365655,"Boreal Shield East","Quebec",0.044,0.383,0.472,91.05,0.904,5894.613,74733.732,446856.49,16432.243,22549.213,18949.268,585415.559,0.167,0.013,0.785,2055106.243,-75.1844792463433,48.9108763924753,15,32.9550976120456
"89","513",1960.32045172,"Boreal Shield East","Quebec",0.103,0.542,0.284,41.207,0.911,475.384,6075.633,39631.249,1340.176,1839.371,1549.323,50911.136,0.153,0.012,0.785,179050.328,-75.2413525750151,48.7695186542065,15,25.9708232678643
"90","505",5091.11406758,"Boreal Shield East","Quebec",0.039,0.448,0.419,46.078,0.911,1281.706,16370.91,106118.794,3610.245,4954.943,4172.864,136509.463,0.154,0.012,0.785,480031.211,-74.6790905314577,49.0348541374628,15,26.8132792131464
"91","503",1599.57563529,"Boreal Shield East","Quebec",0.052,0.478,0.266,39.271,0.912,330.811,4231.312,27829.198,933.646,1281.437,1079.616,35686.02,0.152,0.012,0.785,125525.953,-74.8499964843966,48.4814206162046,15,22.3096796504594
"92","502",255.991779203,"Boreal Shield East","Quebec",0.018,0.302,0.477,34.369,0.913,52.472,672.345,4502.119,148.456,203.765,171.758,5750.915,0.149,0.012,0.785,20236.282,-74.8319695669527,48.3864494061221,15,22.4652331332857
"93","498",259.364006049,"Boreal Shield East","Quebec",0.027,0.317,0.588,36.047,0.913,63.127,808.487,5388.396,178.484,244.977,206.47,6889.94,0.15,0.012,0.785,24241.983,-74.227364997467,48.7867977262014,15,26.5647500783063
"94","497",1830.66332135,"Boreal Shield East","Quebec",0.049,0.439,0.238,38.256,0.912,342.225,4378.374,28868.515,966.189,1326.109,1117.331,36998.743,0.152,0.012,0.785,130150.084,-74.170039739083,48.6962721470514,15,20.210566611842
"95","494",390.111406145,"Boreal Shield East","Quebec",0.066,0.449,0.198,39.982,0.911,72.046,921.15,6033.126,203.221,278.92,234.964,7743.429,0.153,0.012,0.785,27235.27,-74.0452356447914,48.0434918924618,15,19.8492760735169
"96","603",233.906325654,"Boreal Shield East","Quebec",0.247,0.34,0.266,45.374,0.909,51.814,660.759,4212.224,145.625,199.859,168.237,5438.519,0.157,0.012,0.785,19117.783,-73.8189372068372,48.457837081649,15,23.2508419120088
"97","509",181.317736291,"Boreal Shield East","Quebec",0.064,0.339,0.264,53.78,0.909,35.024,446.434,2831.587,98.371,135.005,113.629,3660.051,0.158,0.012,0.785,12864.666,-75.9295654040472,47.4249598677824,15,20.1858410261968
"98","2030",173.230693697,"Boreal Shield East","Quebec",0.027,0.302,0.281,52.196,0.909,30.719,391.831,2503.955,86.363,118.527,99.78,3231.175,0.156,0.012,0.785,11358.986,-74.8546751355251,47.2252822482203,15,18.6524393053098
"99","482",315.872037156,"Boreal Shield East","Quebec",0.024,0.367,0.515,50.569,0.91,83.196,1061.777,6824.086,234.075,321.255,270.484,8794.873,0.156,0.012,0.785,30921.473,-73.3547064900419,46.9456939064846,15,27.8431515470186
"100","484",254.723473032,"Boreal Shield East","Quebec",0.036,0.373,0.463,51.094,0.91,64.47,822.593,5273.953,181.329,248.863,209.519,6800.727,0.156,0.012,0.785,23909.143,-73.4099853652986,47.0024696869934,15,26.6984699880629
"101","487",953.722537424,"Boreal Shield East","Quebec",0.048,0.307,0.279,49.931,0.91,171.608,2189.522,14032.323,482.644,662.398,557.672,18096.167,0.156,0.012,0.785,63619.688,-73.7404800202205,47.1235618843742,15,18.9742470057147
"102","549",6833.15542404,"Boreal Shield East","Quebec",0.042,0.415,0.484,52.073,0.909,1876.306,23934.603,153056.236,5275.536,7240.305,6095.229,197478.216,0.156,0.012,0.785,694231.834,-75.7486783273613,47.9073895193017,15,28.9000035481769
"103","492",228.964310346,"Boreal Shield East","Quebec",0.052,0.525,0.311,36.378,0.912,51.776,662.787,4395.316,146.292,200.79,169.206,5626.166,0.151,0.012,0.785,19793.423,-74.0609916579018,47.683621276917,15,24.5722400643926
"104","506",7502.61229623,"Boreal Shield East","Quebec",0.008,0.708,0.155,38.982,0.912,1694.519,21680.726,143039.594,4784.499,6566.805,5533.073,183299.216,0.152,0.012,0.785,644797.427,-75.3052433753292,47.9810648731653,15,24.431385864375
"105","501",1550.52312924,"Boreal Shield East","Quebec",0.021,0.56,0.134,32.53,0.913,271.855,3483.858,23360.468,769.303,1055.915,890.102,29831.502,0.149,0.012,0.785,104973.617,-75.0378570911478,47.9598167594973,15,19.2396368924997
"106","507",339.362499842,"Boreal Shield East","Quebec",0.04,0.507,0.328,37.805,0.912,76.873,983.787,6505.942,217.12,298.002,251.107,8332.832,0.151,0.012,0.785,29314.096,-75.3072480329866,48.1236111413957,15,24.5543688647968
"107","510",1421.77612546,"Boreal Shield East","Quebec",0.08,0.404,0.354,50.53,0.909,337.755,4308.22,27532.211,949.575,1303.224,1097.099,35528.084,0.156,0.012,0.785,124896.741,-76.11168755045,48.3084542725048,15,24.9885220069406
"108","495",714.619745072,"Boreal Shield East","Quebec",0.036,0.427,0.188,64.426,0.907,145.365,1849.409,11495.613,407.212,558.84,470.102,14926.54,0.161,0.013,0.785,52442.927,-73.4107622307818,49.7523335084336,15,20.8873881570346
"109","490",936.104901472,"Boreal Shield East","Quebec",0.04,0.44,0.346,39.792,0.912,203.698,2605.562,17144.926,574.931,789.097,664.825,21983.039,0.152,0.012,0.785,77326.353,-72.5984764003022,49.6829764390212,15,23.4835208804401
"110","489",1203.31406621,"Boreal Shield East","Quebec",0.038,0.275,0.555,39.945,0.912,280.497,3588.544,23654.934,791.878,1086.863,915.737,30318.454,0.152,0.012,0.785,106650.495,-72.6450892658286,49.7098843583529,15,25.1957945571866
"111","541",52677.8232993,"Boreal Shield East","Quebec",0.033,0.461,0.354,68.334,0.907,14463.569,183930.742,1137669.393,40491.344,55567.962,46738.013,1478861.024,0.162,0.013,0.785,5195297.038,-73.4788562933352,50.1137886665746,15,28.0736927112106
"112","340",180315.682872,"Boreal Shield East","Quebec",0.044,0.497,0.343,73.763,0.906,53146.943,675227.743,4133585.236,148592.412,203915.583,171466.199,5385934.115,0.163,0.013,0.785,18916862.937,-74.5201097125164,50.5048151059785,15,29.8694713028555
"113","540",17369.1867758,"Boreal Shield East","Quebec",0.052,0.554,0.284,53.946,0.909,4498.334,57344.542,364186.706,12636.417,17342.371,14596.971,470605.341,0.157,0.012,0.785,1654168.548,-73.0906697539857,50.583755511418,15,27.0942645199533
"114","491",2288.70945763,"Boreal Shield East","Quebec",0.358,0.267,0.243,51.559,0.907,525.856,6690.996,41641.554,1473.329,2021.936,1700.931,54054.604,0.161,0.013,0.785,189920.393,-72.2291664928566,50.3918785409187,15,23.6179405908404
"115","539",12348.9731068,"Boreal Shield East","Quebec",0.45,0.194,0.268,53.143,0.906,2966.145,37707.819,232411.368,8300.184,11390.618,9579.78,302355.916,0.162,0.013,0.785,1062107.798,-72.8842983134396,50.6845894340892,15,24.4842962556544
"116","493",13434.8511848,"Boreal Shield East","Quebec",0.475,0.17,0.172,54.756,0.905,2847.97,36166.463,220264.248,7957.529,10920.138,9181.257,287337.605,0.164,0.013,0.785,1009095.537,-72.5703811966188,50.7327611388774,15,21.387479552069
"117","546",25158.4082092,"Boreal Shield East","Quebec",0.324,0.136,0.487,68.852,0.905,7348.482,93282.282,565649.306,20521.018,28160.799,23673.703,738635.59,0.165,0.013,0.785,2593763.392,-73.9884252770479,51.2259680287246,15,29.3593928462411
"118","499",14097.3320306,"Boreal Shield East","Quebec",0.073,0.367,0.465,54.619,0.909,3766.259,48007.568,304583.365,10578.451,14517.96,12219.283,393672.887,0.158,0.012,0.785,1383724.787,-73.2205076600897,51.0602325206402,15,27.9253468773726
"119","496",5502.91687662,"Boreal Shield East","Quebec",0.378,0.188,0.322,54.062,0.907,1322.236,16815.744,104085.251,3702.014,5080.437,4273.238,135278.919,0.162,0.013,0.785,475247.014,-72.7314154839658,51.1676777758722,15,24.5831296443444
"120","2056",178.030174224,"Boreal Shield East","Quebec",0.654,0.061,0.018,58.544,0.902,31.961,404.451,2366.453,88.866,121.942,102.421,3116.095,0.171,0.014,0.785,10933.896,-72.4515870996869,51.2346677766014,15,17.5031845785832
"121","504",46704.0145612,"Boreal Shield East","Quebec",0.652,0.131,0.13,57.124,0.904,10879.427,137941.243,825370.609,30331.717,41622.936,34979.235,1081125.167,0.167,0.013,0.785,3795343.864,-73.2556393727051,51.8152551666655,15,23.1484418878663
"122","599",388.241340959,"Boreal Shield East","Quebec",0.055,0.634,0.007,,0.943,21.176,287.567,3018.174,64.967,89.277,76.487,3557.649,0.095,0.007,0.754,12616.691,-71.6907566023172,51.6583532537213,15,9.16349864033594
"123","600",337.427744884,"Boreal Shield East","Quebec",0.151,0.277,0.143,43.508,0.91,49.35,629.68,4037.308,138.806,190.502,160.386,5206.033,0.156,0.012,0.785,18302.715,-71.8216136043508,49.2711526116746,15,15.4285860571119
"124","479",558.914416465,"Boreal Shield East","Quebec",0.091,0.459,0.086,39.636,0.911,89.899,1148.974,7495.921,253.446,347.851,293.002,9629.094,0.153,0.012,0.785,33864.828,-71.5908258199402,49.6014217146935,15,17.2282083201606
"125","477",4446.082872,"Boreal Shield East","Quebec",0.083,0.522,0.213,41.006,0.911,945.93,12090.218,78916.729,2666.958,3660.365,3083.228,101363.429,0.153,0.012,0.785,356491.72,-71.5579055767643,49.3820996796837,15,22.7983669936416
"126","478",1678.56876891,"Boreal Shield East","Quebec",0.097,0.669,0.118,36.766,0.912,368.796,4718.027,31088.976,1041.124,1428.957,1203.972,39849.852,0.152,0.012,0.785,140177.554,-70.7217465906083,50.7249714120287,15,23.7403749778313
"127","522",5179.4541175,"Boreal Shield East","Quebec",0.066,0.554,0.238,36.526,0.912,1123.345,14376.838,95126.226,3173.018,4355.044,3669.767,121824.239,0.151,0.012,0.785,428570.315,-70.6132695085981,50.2922481326834,15,23.5206715295321
"128","521",5456.49383706,"Boreal Shield East","Quebec",0.09,0.581,0.229,37.426,0.912,1240.744,15872.887,104590.139,3502.641,4807.419,4050.49,134064.321,0.152,0.012,0.785,471590.412,-71.1380012757697,49.3444179223055,15,24.5696824743845
"129","476",1507.76376506,"Boreal Shield East","Quebec",0.072,0.549,0.275,36.301,0.912,341.127,4366.09,28906.545,963.633,1322.611,1114.513,37014.519,0.151,0.012,0.785,130216.481,-70.1978030658567,50.7638938957058,15,24.5492827575194
"130","475",13624.2075694,"Boreal Shield East","Quebec",0.051,0.446,0.317,36.781,0.912,2839.245,36341.669,240751.028,8021.077,11009.148,9277.12,308239.286,0.151,0.012,0.785,1084394.315,-70.0274648056323,49.8823534556712,15,22.6243826974793
"131","473",410.413252561,"Boreal Shield East","Quebec",0.066,0.507,0.267,36.832,0.912,87.558,1120.525,7409.828,247.298,339.422,286.008,9490.638,0.151,0.012,0.785,33387.108,-69.9708561494751,49.6467370569911,15,23.1245895223362
"132","474",232.734863418,"Boreal Shield East","Quebec",0.064,0.411,0.135,39.414,0.911,36.352,464.789,3044.744,102.541,140.737,118.559,3907.722,0.153,0.012,0.785,13744.33,-69.9172072311158,49.6594568774781,15,16.7904453274007
"133","472",11544.6859221,"Boreal Shield East","Quebec",0.056,0.29,0.184,36.373,0.912,1544.665,19767.106,130664.541,4362.49,5987.611,5045.296,167371.71,0.151,0.012,0.785,588792.155,-69.7658126892088,49.5249294544431,15,14.4977274504801
"134","471",408.044387298,"Boreal Shield East","Quebec",0.046,0.242,0.077,43.664,0.91,39.202,500.626,3238.713,110.395,151.513,127.592,4168.041,0.155,0.012,0.785,14656.173,-69.0932301819478,49.7190711112448,15,10.2146754856746
"135","470",2060.17853759,"Boreal Shield East","Quebec",0.105,0.198,0.213,38.242,0.911,267.87,3424.269,22387.697,755.394,1036.772,873.337,28745.34,0.153,0.012,0.785,101099.825,-68.6384859950892,49.7265177421679,15,13.952839268788
"136","519",10122.7300735,"Boreal Shield East","Quebec",0.105,0.333,0.271,38.91,0.911,1834.901,23460.091,153649.305,5175.658,7103.568,5984.073,197207.596,0.153,0.012,0.785,693620.625,-68.6861493963524,49.5571831030473,15,19.4816610309766
"137","2071",157.484026511,"Boreal Shield East","Quebec",0.216,0.544,0.092,,0.943,9.913,134.5,1404.128,30.376,41.742,35.753,1656.412,0.096,0.007,0.756,5873.766,-67.836661511162,50.5181107681347,15,10.5179683088958
"138","469",1695.66801667,"Boreal Shield East","Quebec",0.161,0.375,0.144,36.195,0.911,278.711,3563.225,23321.117,786.086,1078.898,908.854,29936.89,0.153,0.012,0.785,105292.831,-68.4725643557584,49.5948641652245,15,17.6549240215021
"139","468",644.934955068,"Boreal Shield East","Quebec",0.031,0.457,0.077,24.53,0.915,82.581,1060.528,7262.359,234.381,321.716,271.36,9232.925,0.146,0.011,0.785,32503.266,-66.3575932379709,50.3765879550077,15,14.3160561037144
"140","517",35111.1176632,"Boreal Shield East","Quebec",0.029,0.693,0.123,26.027,0.915,6854.975,88006.803,600848.586,19447.497,26693.895,22513.742,764365.499,0.146,0.011,0.785,2690684.292,-66.026467226406,50.5559091179258,15,21.769899390048
"141","2045",202.304263803,"Boreal Shield East","Quebec",0.052,0.709,0.096,,0.943,13.948,189.287,1978.788,42.753,58.75,50.324,2333.85,0.096,0.007,0.753,8276.18,-70.8155474891826,49.5503876777587,15,11.5363361904851
"142","488",737.436869144,"Boreal Shield East","Quebec",0.027,0.757,0.073,43.265,0.911,167.471,2139.955,13931.202,472.004,647.817,545.637,17904.086,0.154,0.012,0.785,62964.594,-71.4284145049188,51.5663757768313,15,24.2788050735552
"143","2020",101.98876356,"Boreal Shield East","Quebec",0.075,0.037,0.044,29.158,0.911,3.419,43.718,286.395,9.645,13.237,11.151,367.565,0.153,0.012,0.785,1292.812,-67.6544768279496,49.5458780893177,15,3.60397544954804
"144","520",716.58336352,"Boreal Shield East","Quebec",0.094,0.576,0.225,37.931,0.912,162.453,2077.917,13668.026,458.499,629.294,530.186,17526.376,0.152,0.012,0.785,61649.346,-69.8555469194267,48.4263122457581,15,24.4582513246009
"145","557",15706.3827102,"Boreal Shield East","Quebec",0.075,0.465,0.367,57.856,0.908,4266.297,54340.514,341995.159,11970.388,16428.013,13823.949,442824.319,0.159,0.012,0.785,1556225.548,-76.9976337701006,48.0863748142353,15,28.1939086275048
"146","552",7754.24170499,"Boreal Shield East","Quebec",0.057,0.615,0.117,83.648,0.904,2114.579,26819.912,161086.647,5898.119,8093.792,6802.5,210815.55,0.166,0.013,0.785,740139.706,-76.9219583849235,48.4598239833395,15,27.1871264812827
"147","198",7231.10284788,"Boreal Shield East","Quebec",0.043,0.331,0.534,70.814,0.906,2182.773,27749.843,171091.948,6108.225,8382.518,7049.874,222565.179,0.162,0.013,0.785,781827.901,-79.4403299449218,49.0356552426221,15,30.7788706207174
"148","345",359130.891468,"Boreal Shield East","Quebec",0.028,0.749,0.141,81.121,0.905,113200.696,1436567.402,8683119.598,315993.869,433632.931,364509.738,11347024.235,0.165,0.013,0.785,39842992.743,-76.3904471182141,48.9090471138044,15,31.5957900157722
"149","512",5558.08275894,"Boreal Shield East","Quebec",0.05,0.307,0.463,67.576,0.907,1477.813,18795.62,116427.811,4137.952,5678.698,4776.5,151294.394,0.161,0.013,0.785,531519.954,-76.9203164724019,49.2721597813044,15,27.2206083575578
"150","577",1530.05849238,"Boreal Shield East","Quebec",0.149,0.152,0.591,114.91,0.901,548.975,6941.854,40268.605,1524.755,2092.236,1756.866,53133.291,0.172,0.014,0.785,186402.371,-79.4327974933344,49.8940437701329,15,34.726313578608
"151","343",105048.693725,"Boreal Shield East","Quebec",0.019,0.66,0.256,109.136,0.902,38741.169,490288.577,2871466.804,107726.471,147822.544,124158.267,3780203.833,0.171,0.013,0.785,13264480.44,-76.8997499700821,49.547991403516,15,35.9852531141029
"152","567",51427.3058198,"Boreal Shield East","Quebec",0.402,0.182,0.284,117.224,0.899,16803.573,212041.659,1199902.841,46536.906,63854.234,53587.437,1592726.649,0.177,0.014,0.785,5584538.139,-78.2085202462662,50.2818924889074,15,30.9704469952378
"153","342",107805.820956,"Boreal Shield East","Quebec",0.324,0.177,0.374,96.958,0.901,33516.526,423886.781,2463401.697,93112.977,127768.16,107294.377,3248980.518,0.172,0.014,0.785,11398511.835,-76.1604491709921,50.7981522953149,15,30.1373384960914
"154","530",4607.49736209,"Boreal Shield East","Quebec",0.05,0.445,0.169,42.012,0.911,806.674,10309.486,67235.89,2274.077,3121.135,2628.959,86376.221,0.153,0.012,0.785,303776.9,-72.6225978327311,49.47168629817,15,18.7468845257936
"155","486",1057.0930521,"Boreal Shield East","Quebec",0.06,0.364,0.211,40.816,0.911,175.677,2245.734,14682.785,495.412,679.949,572.765,18852.321,0.153,0.012,0.785,66305.22,-72.8986355001671,48.6486164885378,15,17.8341168381992
"156","2007",159.715375034,"Boreal Shield East","Quebec",0.073,0.29,0.196,42.365,0.911,23.462,299.748,1947.644,66.109,90.733,76.417,2504.114,0.154,0.012,0.785,8806.063,-72.4919116022705,49.3755226619141,15,15.6786032620023
"157","485",5463.42119061,"Boreal Shield East","Quebec",0.05,0.763,0.064,42.716,0.911,1256.284,16052.2,104457.894,3540.539,4859.315,4092.814,134259.046,0.154,0.012,0.785,472154.522,-72.4179759358075,49.2828982432899,15,24.5741708932768
"158","481",6738.61928294,"Boreal Shield East","Quebec",0.107,0.563,0.025,41.787,0.911,1191.621,15219.123,98574.819,3356.198,4606.268,3879.183,126827.212,0.154,0.012,0.785,445975.862,-72.08932170678,49.3634114826863,15,18.8209493183693
"159","480",215.519891656,"Boreal Shield East","Quebec",0.07,0.246,0.113,45.57,0.91,24.618,314.185,2019.261,69.265,95.062,80.039,2602.429,0.156,0.012,0.785,9149.744,-72.0875374420905,49.1921729115452,15,12.0751220687965
"160","595",294.97642996,"Boreal Shield East","Quebec",0.027,0.028,0.007,46.04,0.908,4.54,57.82,362.992,12.736,17.478,14.707,470.273,0.159,0.013,0.785,1652.603,-71.8311119025606,49.1632218754915,15,1.59427314264998
"161","199",13629.5725161,"Boreal Shield West","Ontario",0.007,0.614,0.318,67.387,0.91,3159.045,40317.296,259156.976,8887.443,12197.46,10269.169,333987.388,0.156,0.012,0.727,1174265.068,-91.8220034540147,51.8736368519862,16,24.5046121296523
"162","171",352.84481902,"Boreal Shield West","Ontario",0.181,0.203,0.591,54.914,0.911,75.498,965.178,6314.203,212.91,292.216,246.145,8106.151,0.153,0.012,0.727,28510.586,-94.6250752540727,52.1400197484725,16,22.9736999469462
"163","214",1050.25451576,"Boreal Shield West","Ontario",0.058,0.619,0.263,64.907,0.91,236.265,3014.826,19344.884,664.536,912.031,767.811,24940.352,0.156,0.012,0.727,87684.506,-94.8083610328272,52.3252983175764,16,23.746960023259
"164","181",1633.91930667,"Boreal Shield West","Ontario",0.269,0.185,0.441,60.478,0.909,319.643,4076.63,26014.405,898.412,1232.998,1037.881,33579.968,0.157,0.012,0.727,118045.718,-91.136799420617,53.1821726751239,16,20.5517909378508
"165","200",10614.0774552,"Boreal Shield West","Ontario",0.005,0.687,0.141,45.904,0.913,1902.098,24363.949,162584.763,5378.507,7382.225,6221.702,207833.244,0.15,0.012,0.727,731277.68,-93.1499489788723,53.5755793571015,16,19.5809051589481
"166","188",251.64184984,"Boreal Shield West","Ontario",0.074,0.062,0.743,54.269,0.913,50.352,644.756,4288.835,142.321,195.341,164.622,5486.227,0.15,0.012,0.727,19302.409,-90.8838966638032,53.8951732243905,16,21.8017273497563
"167","185",218.558656833,"Boreal Shield West","Ontario",0.328,0.479,0.022,41.063,0.911,32.854,419.624,2718.87,92.528,126.991,106.939,3497.807,0.154,0.012,0.727,12299.946,-91.6914353611308,54.4832301157737,16,16.0039737189301
"168","205",14682.5731281,"Boreal Shield West","Ontario",0.208,0.153,0.548,63.569,0.91,3051.811,38937.484,249528.411,8582.477,11778.855,9916.066,321795.104,0.156,0.012,0.727,1131324.742,-90.6471640541361,53.7914855967775,16,21.9168058072967
"169","195",3363.52127958,"Boreal Shield West","Ontario",0.244,0.103,0.568,59.618,0.91,679.478,8673.22,55844.551,1912.073,2624.213,2209.495,71943.031,0.155,0.012,0.727,252952.283,-90.4072042415997,53.37838409467,16,21.3892004896082
"170","206",12518.3066334,"Boreal Shield West","Ontario",0.185,0.109,0.595,60.855,0.91,2525.381,32248.402,208523.161,7110.541,9758.902,8217.619,268384.005,0.155,0.012,0.727,943722.768,-90.2462767676133,53.1772967667083,16,21.4393218555557
"171","159",4107.90145982,"Boreal Shield West","Ontario",0.149,0.206,0.582,82.774,0.908,995.63,12674.149,79267.938,2791.027,3830.307,3222.399,102781.449,0.16,0.013,0.727,361163.079,-92.54467883267,50.6132820888942,16,25.0204270977093
"172","201",15450.505314,"Boreal Shield West","Ontario",0.181,0.182,0.522,98.271,0.906,3725.563,47324.033,289098.987,10412.431,14289.003,12013.641,376863.658,0.164,0.013,0.727,1323603.491,-92.1593327922872,50.7428861951992,16,24.3916720094919
"173","175",481.258342624,"Boreal Shield West","Ontario",0.121,0.219,0.574,62.804,0.91,103.077,1316.402,8521.772,290.268,398.381,335.472,10965.372,0.154,0.012,0.727,38558.63,-92.7107258600833,51.2386045247748,16,22.7847935896814
"174","177",154.843322795,"Boreal Shield West","Ontario",0.193,0.15,0.572,56.953,0.911,31.291,399.812,2600.984,88.176,121.019,101.923,3343.205,0.154,0.012,0.727,11757.226,-92.9891597731167,51.3790875850801,16,21.5908890332077
"175","174",3086.39855697,"Boreal Shield West","Ontario",0.171,0.099,0.662,101.626,0.906,801.28,10179.776,62289.407,2239.935,3073.878,2584.513,81168.79,0.163,0.013,0.727,285087.167,-90.8463424829175,51.1255292008627,16,26.2988685685771
"176","203",54033.2820928,"Boreal Shield West","Ontario",0.123,0.143,0.657,98.13,0.906,13892.673,176622.185,1089171.046,38874.454,53348.463,44864.516,1416773.337,0.162,0.013,0.727,4976916.903,-89.9815423727535,50.6404479154764,16,26.2203827368241
"177","186",1771.37523288,"Boreal Shield West","Ontario",0.431,0.146,0.327,54.102,0.909,315.136,4015.538,25380.589,884.63,1214.06,1021.673,32831.626,0.158,0.012,0.727,115392.14,-89.6569211473693,54.4117074345865,16,18.5345405030986
"178","1631",266.897145112,"Boreal Shield West","Ontario",0.075,0.12,0.671,50.148,0.913,51.034,653.914,4378.476,144.38,198.169,167.036,5593.009,0.149,0.012,0.727,19680.716,-87.4778554776073,52.3930477826504,16,20.9556718849614
"179","168",142.48409443,"Boreal Shield West","Ontario",0.134,0.664,0.151,47.946,0.912,28.236,361.106,2371.579,79.667,109.343,92.112,3042.042,0.152,0.012,0.727,10700.208,-87.245436066686,52.9044219767318,16,21.3500462081015
"180","213",302.932348471,"Boreal Shield West","Ontario",0.108,0.196,0.514,42.722,0.914,50.963,653.605,4416.679,144.364,198.151,167.064,5630.826,0.148,0.012,0.727,19817.43,-87.8300562263593,53.4926006227327,16,18.5877342859574
"181","207",32746.9241925,"Boreal Shield West","Ontario",0.019,0.323,0.564,54.571,0.912,6835.57,87506.339,580551.578,19313.6,26508.432,22337.808,743053.327,0.151,0.012,0.727,2614178.532,-88.3645374081613,53.1725776793586,16,22.6907822741466
"182","189",5716.39681478,"Boreal Shield West","Ontario",0.387,0.131,0.371,47.484,0.91,970.5,12391,79986.587,2731.94,3749.454,3157.123,102986.605,0.155,0.012,0.727,362120.916,-88.7419773148787,53.8298542532918,16,18.0159999973626
"183","1625",690.892301005,"Boreal Shield West","Ontario",0.102,0.047,0.227,51.27,0.911,54.234,693.356,4537.52,152.951,209.923,176.829,5824.813,0.153,0.012,0.727,20486.904,-89.2701005127828,52.1009202715618,16,8.43085527444291
"184","166",4074.65868823,"Boreal Shield West","Ontario",0.249,0.117,0.539,64.991,0.909,838.483,10691.076,68042.001,2355.881,3233.24,2721.4,87882.082,0.157,0.012,0.727,308920.129,-90.1972755699398,52.2660008176417,16,21.5679615703408
"185","204",32745.5258104,"Boreal Shield West","Ontario",0.19,0.121,0.5,85.622,0.907,6813.022,86646.768,536393.588,19073.703,26175.56,22015.238,697117.879,0.162,0.013,0.727,2449071.07,-87.2253918694749,50.9273649701664,16,21.2889505282763
"186","176",9142.0406013,"Boreal Shield West","Ontario",0.163,0.143,0.6,85.589,0.907,2158.314,27463.813,171018.721,6046.957,8298.559,6980.686,221967.049,0.161,0.013,0.727,779897.124,-87.4790393445261,51.066982309614,16,24.2798143959715
"187","208",29138.7870892,"Boreal Shield West","Ontario",0.194,0.157,0.564,92.448,0.906,7090.626,90122.882,554224.498,19834.046,27218.656,22888.46,721379.168,0.163,0.013,0.727,2533950.785,-89.1081797404975,51.0445497177432,16,24.7566642287376
"188","167",530.325713882,"Boreal Shield West","Ontario",0.258,0.16,0.471,66.577,0.909,107.386,1368.413,8654.499,301.471,413.737,348.18,11193.687,0.158,0.012,0.727,39342.549,-89.8120624229829,52.1057132469681,16,21.1071926308492
"189","193",218.929027089,"Hudson Plains","Ontario",0.165,0.236,0.384,57.93,0.911,50.002,638.817,4151.614,140.909,193.396,162.897,5337.635,0.154,0.012,0.718,18770.352,-83.7424645785924,54.5805509832477,18,24.3806637747955
"190","212",156.630683163,"Hudson Plains","Ontario",0.204,0.205,0.293,52.627,0.911,30.092,384.525,2504.209,84.825,116.421,98.067,3218.139,0.154,0.012,0.718,11317.404,-84.3825386924288,52.4647573997138,18,20.5460318183698
"191","215",145.52373119,"Hudson Plains","Ontario",0.16,0.216,0.29,30.744,0.916,22.928,294.741,2037.822,65.172,89.459,75.484,2585.606,0.145,0.011,0.718,9103.892,-83.2535947733606,53.1048778566822,18,17.7675900614736
"192","184",264.284313047,"Hudson Plains","Ontario",0.174,0.291,0.397,26.561,0.917,52.787,679.701,4775.031,150.391,206.443,174.276,6038.628,0.142,0.011,0.718,21268.621,-83.1673436477622,53.8761519858074,18,22.8489838476569
"193","179",1472.06513109,"Hudson Plains","Ontario",0.085,0.393,0.444,22.902,0.919,315.226,4068.052,29188.455,900.898,1236.726,1044.694,36754.051,0.139,0.011,0.718,129504.278,-85.0647083542239,50.9779762458271,18,24.9676799101852
"194","180",2667.49488744,"Hudson Plains","Ontario",0.496,0.125,0.129,73.509,0.904,556.424,7054.87,42207.23,1551.455,2129.008,1789.326,55288.313,0.167,0.013,0.718,194089.289,-84.0615103871083,53.0722777601092,18,20.7266800248904
"195","187",1239.6003932,"Hudson Plains","Ontario",0.168,0.185,0.554,30.538,0.916,273.555,3519.513,24532.783,778.478,1068.602,901.888,31074.819,0.143,0.011,0.718,109431.728,-82.649866099737,53.5190256983775,18,25.0684165400925
"196","170",638.007792369,"Hudson Plains","Ontario",0.197,0.079,0.582,91.796,0.907,191.753,2438.039,15049.428,536.744,736.598,619.57,19572.132,0.162,0.013,0.718,68753.811,-81.8098396896885,52.2012454357677,18,30.6769482036047
"197","1618",357.958266773,"Hudson Plains","Ontario",0.041,0.144,0.572,16.907,0.92,62.223,805.069,5914.893,178.467,245.007,207.113,7412.771,0.136,0.011,0.718,26131.059,-82.1003067791966,51.4231034223256,18,20.7084783006306
"198","1616",128.230513076,"Hudson Plains","Ontario",0.185,0.103,0.321,46.355,0.912,20.596,263.552,1741.522,58.171,79.841,67.281,2230.964,0.151,0.012,0.718,7848.084,-87.2560742172783,54.5598512728677,18,17.3980743466085
"199","197",168.187624282,"Hudson Plains","Ontario",0.226,0.533,0.061,46.434,0.912,35.247,450.842,2965.425,99.493,136.557,115.061,3802.626,0.152,0.012,0.718,13375.598,-89.5091684616995,55.8862147541689,18,22.6094281088372
"200","183",245.609560822,"Hudson Plains","Ontario",0.295,0.291,0.168,52.292,0.91,48.468,618.57,3975.613,136.386,187.184,157.618,5123.839,0.156,0.012,0.718,18014.39,-85.6537705257792,54.6526024801439,18,20.8617245308027
"201","182",210.086918154,"Hudson Plains","Ontario",0.27,0.421,0.04,41.561,0.912,36.823,471.052,3102.489,103.958,142.685,120.229,3977.236,0.152,0.012,0.718,13990.166,-89.2281196401109,54.6998370997441,18,18.9313834242862
"202","196",218.741408431,"Hudson Plains","Ontario",0.097,0.489,0.18,35.477,0.915,41.547,533.815,3672.955,118.014,161.991,136.668,4664.99,0.145,0.011,0.718,16423.784,-87.0196810028582,55.770338504212,18,21.3265061858259
"203","192",694.329046942,"Hudson Plains","Ontario",0.254,0.363,0.191,53.9,0.91,151.439,1933.635,12490.156,426.422,585.251,492.877,16079.779,0.155,0.012,0.718,56539.105,-85.1371532076454,54.6231618162658,18,23.1587301018435
"204","1635",153.488613505,"Hudson Plains","Ontario",0.08,0.343,0.227,25.971,0.918,23.25,299.615,2121.233,66.315,91.033,76.867,2678.312,0.141,0.011,0.718,9434.686,-85.406977657324,50.6754797600699,18,17.4495810395261
"205","161",546.139593887,"Hudson Plains","Ontario",0.011,0.662,0.111,37.111,0.916,109.583,1408.686,9739.228,311.49,427.57,360.785,12357.343,0.145,0.011,0.718,43509.941,-85.3094772746297,51.5660789065507,18,22.6267114457862
"206","194",501.507518296,"Hudson Plains","Ontario",0.297,0.143,0.279,30.117,0.914,80.579,1034.054,7029.627,228.489,313.626,264.502,8950.877,0.147,0.011,0.718,31505.409,-84.8717489384131,52.8393811477532,18,17.847941802374
"207","191",4189.77937282,"Hudson Plains","Ontario",0.363,0.155,0.259,55.96,0.909,865.549,11031.871,69919.575,2431.093,3336.469,2808.382,90392.938,0.158,0.012,0.718,317711.666,-85.5430881467992,54.3262523161076,18,21.5746295822635
"208","169",1171.05548546,"Hudson Plains","Ontario",0.208,0.119,0.395,75.971,0.908,268.765,3421.425,21406.069,753.616,1034.248,870.245,27754.368,0.16,0.013,0.718,97524.291,-86.2610958696338,52.2907737365385,18,23.7003014328547
"209","172",884.355363467,"Hudson Plains","Ontario",0.024,0.095,0.812,28.442,0.918,210.349,2712.705,19337.55,600.577,824.442,696.285,24381.908,0.14,0.011,0.718,85899.841,-84.7778659888376,51.5800206832173,18,27.5702607879415
"210","190",1395.76587104,"Hudson Plains","Ontario",0.212,0.322,0.397,31.582,0.916,309.862,3982.769,27503.526,880.614,1208.779,1019.918,34905.468,0.145,0.011,0.718,122898.858,-83.0034913988319,53.4749543335014,18,25.0081111196619
"211","173",1291.63153899,"Hudson Plains","Ontario",0.024,0.183,0.756,39.315,0.916,341.489,4390.139,30374.181,970.757,1332.52,1124.386,38533.471,0.145,0.011,0.718,135677.84,-82.3592409532403,50.1609543670429,18,29.8331759768978
"212","178",519.0439118,"Hudson Plains","Ontario",0.065,0.095,0.791,43.795,0.915,138.986,1784.212,12171.639,394.303,541.228,456.501,15486.869,0.147,0.011,0.718,54514.644,-81.1930383367722,50.4447585406247,18,29.8373001742624
"213","164",775.055298927,"Hudson Plains","Ontario",0.035,0.065,0.878,28.448,0.918,193.46,2494.773,17775.05,552.316,758.19,640.322,22414.112,0.14,0.011,0.718,78966.343,-80.3888754576594,50.5614222556144,18,28.9193713416713
"214","165",8495.99743981,"Hudson Plains","Ontario",0.027,0.101,0.823,31.635,0.917,2111.318,27201.761,192152.348,6020.032,8263.827,6977.335,242726.621,0.142,0.011,0.718,854998.401,-80.629500607431,50.6693698289677,18,28.5695261468238
"215","160",12324.9816853,"Hudson Plains","Ontario",0.169,0.522,0.197,62.786,0.91,3223.375,41135.334,264214.126,9069.626,12447.629,10481.348,340571.44,0.156,0.012,0.718,1197364.44,-79.8830011575575,50.7555564294869,18,27.6326122582559
"216","152",4293.30698425,"Boreal Shield East","Ontario",0.047,0.27,0.585,69.879,0.91,1072.042,13690.06,88548.009,3019.707,4144.496,3490.894,113965.208,0.155,0.012,0.745,400723.876,-82.2821373271171,46.5947807923067,19,26.5448542156621
"217","211",177.856344759,"Boreal Shield East","Ontario",0.033,0.302,0.399,66.417,0.911,35.152,449.154,2922.893,99.096,136.01,114.58,3756.885,0.154,0.012,0.745,13211.587,-81.8088807714074,46.5622366652644,19,21.1231429786251
"218","157",2696.76985584,"Boreal Shield East","Ontario",0.043,0.282,0.528,63.463,0.911,609.831,7797.202,51081.543,1720.721,2361.721,1989.974,65560.992,0.153,0.012,0.745,230585.632,-82.4092078929608,47.7020339565926,19,24.3109332663387
"219","153",1877.38135605,"Boreal Shield East","Ontario",0.128,0.168,0.2,67.528,0.909,239.448,3053.837,19486.751,673.275,924.035,778.034,25155.381,0.157,0.012,0.745,88426.285,-80.281835767999,47.5199651482076,19,13.3991854765868
"220","155",742.239453631,"Boreal Shield East","Ontario",0.156,0.231,0.451,69.696,0.91,166.2,2120.255,13570.195,467.498,641.62,540.283,17506.052,0.156,0.012,0.745,61541.227,-83.8051009239055,48.1552501608892,19,23.5854506444803
"221","154",101.033619425,"Boreal Shield East","Ontario",0.061,0.306,0.413,56.091,0.913,19.63,251.316,1668.898,55.491,76.164,64.2,2135.7,0.151,0.012,0.745,7513.571,-81.9451324400467,48.0028839362372,19,21.1385082723418
"222","156",5978.23380217,"Boreal Shield East","Ontario",0.022,0.701,0.145,47.186,0.914,1194.027,15320.181,103978.146,3385.655,4647.213,3919.683,132444.903,0.147,0.011,0.745,466156.302,-85.1232366229574,48.5876589723216,19,22.1545204458087
"223","158",873.646227703,"Boreal Shield East","Ontario",0.039,0.382,0.502,48.205,0.914,191.241,2453.848,16660.751,542.284,744.349,627.819,21220.292,0.147,0.011,0.745,74688.156,-80.303857171861,48.8932132195851,19,24.2893419866215
"224","198",25620.588687,"Boreal Shield East","Ontario",0.043,0.331,0.534,89.033,0.908,7140.415,90903.628,569060.683,20026.824,27484.72,23129.815,737746.086,0.16,0.013,0.745,2592296.953,-79.677875366088,49.0337461167021,19,28.7950481939681
"225","1632",484.357941961,"Boreal Shield East","Ontario",0.192,0.119,0.326,106.249,0.904,96.844,1228.409,7385.364,270.242,370.85,311.765,9663.474,0.166,0.013,0.745,33926.388,-79.722752889963,49.5908979112115,19,19.9511005453444
"226","136",401.459407793,"Taiga Shield West","Alberta",0.123,0.767,0.072,32.723,0.904,130.882,1659.777,9952.873,365.06,500.963,421.08,13030.633,0.167,0.013,0.817,45745.874,-101.244970449416,58.5760950644905,32,32.4581582771597
"227","131",1261.2150642,"Taiga Shield West","Alberta",0.031,0.124,0.645,51.196,0.903,405.91,5143.898,30596.421,1131.096,1552.157,1304.417,40133.9,0.168,0.013,0.817,140870.499,-99.0252751566488,58.1112947450043,32,31.8216148373214
"228","140",215.682100783,"Taiga Shield West","Alberta",0.012,0.094,0.778,53.987,0.903,78.642,996.507,5921.578,219.116,300.683,252.685,7769.21,0.168,0.013,0.817,27269.452,-98.7162212018624,57.5179795301884,32,36.0215797778077
"229","133",689.173478715,"Taiga Shield West","Alberta",0.109,0.341,0.424,25.634,0.906,199.667,2537.079,15553.789,558.433,766.355,644.502,20259.825,0.163,0.013,0.817,71158.907,-97.7747256164871,57.7706480083986,32,29.3972789518475
"230","435",556.430263601,"Taiga Shield West","Alberta",0.144,0.423,0.24,23.311,0.906,142.295,1807.718,11057.535,397.864,545.998,459.156,14410.566,0.163,0.013,0.817,50612.034,-96.9946716986164,57.8480148990666,32,25.8982426777804
"231","132",190.007320616,"Taiga Shield West","Alberta",0.151,0.339,0.315,48.384,0.902,56.958,721.036,4236.942,158.489,217.483,182.719,5573.627,0.17,0.013,0.817,19558.256,-97.2717201928208,58.2080473754555,32,29.3337487309984
"232","1037",363.43995869,"Taiga Shield West","Alberta",0.184,0.308,0.412,45.051,0.903,119.816,1517.438,8962.814,333.599,457.78,384.653,11776.099,0.169,0.013,0.817,41327.845,-101.112891934547,58.8420779664725,32,32.4017728882821
"233","149",945.238482528,"Taiga Shield West","Alberta",0.216,0.395,0.262,18.666,0.906,246.823,3137.382,19309.052,690.657,947.816,797.188,25128.919,0.162,0.013,0.817,88268.057,-95.5385090458489,57.481816034579,32,26.58473968685
"234","121",402.993483395,"Boreal Shield West","Manitoba",0.198,0.055,0.596,53.436,0.914,67.219,861.84,5807.419,190.376,261.308,220.329,7408.491,0.148,0.012,0.762,26071.786,-101.889488276486,56.63392225551,22,18.3836496252682
"235","450",136.85162667,"Boreal Shield West","Manitoba",0.099,0.547,0.321,46.127,0.915,25.68,329.621,2245.728,72.84,99.982,84.326,2858.177,0.147,0.011,0.762,10060.694,-101.634974533291,57.3851523748357,22,20.8852248931766
"236","148",403.257275375,"Boreal Shield West","Manitoba",0.088,0.422,0.382,44.695,0.915,69.423,891.679,6114.807,197.097,270.542,228.224,7771.772,0.146,0.011,0.762,27359.934,-101.30358253534,57.2286560183521,22,19.2724904783747
"237","119",506.652009666,"Boreal Shield West","Manitoba",0.167,0.247,0.4,50.881,0.914,80.025,1026.048,6914.82,226.646,311.091,262.302,8820.932,0.148,0.012,0.762,31042.558,-100.971999303242,55.8043298727127,22,17.4102378589498
"238","428",8664.44145137,"Boreal Shield West","Manitoba",0.016,0.026,0.911,86.118,0.911,2064.128,26371.716,171426.999,5817.169,7983.978,6725.03,220389.021,0.154,0.012,0.762,775023.531,-101.642369660839,56.2398504247956,22,25.4360332673438
"239","100",10278.4470514,"Boreal Shield West","Manitoba",0.214,0.211,0.482,60.508,0.912,1898.973,24299.793,160531.867,5363.505,7361.573,6203.594,205659.305,0.151,0.012,0.762,723462.771,-101.606194801937,55.4820645268372,22,20.0087915977529
"240","146",683.168204202,"Boreal Shield West","Manitoba",0.036,0.075,0.832,80.971,0.911,156.203,1996.443,13028.932,440.449,604.514,509.247,16735.788,0.153,0.012,0.762,58858.09,-100.815022224529,56.8315942242276,22,24.4973169082845
"241","135",10360.2942129,"Boreal Shield West","Manitoba",0.208,0.146,0.532,55.04,0.913,1814.568,23249.801,155622.272,5134.385,7047.29,5940.959,198809.275,0.149,0.012,0.762,699551.26,-100.493651480502,57.0479849550521,22,19.189539497098
"242","101",1339.24319875,"Boreal Shield West","Manitoba",0.28,0.127,0.488,63.589,0.911,241.921,3092.625,20224.038,682.353,936.532,788.998,25966.468,0.153,0.012,0.762,91325.076,-99.638676815932,55.5915952751851,22,19.388911606373
"243","129",18720.088679,"Boreal Shield West","Manitoba",0.215,0.163,0.518,55.803,0.913,3320.994,42540.355,283999.039,9393.461,12893.088,10868.233,363015.17,0.15,0.012,0.762,1277276.041,-99.7228240508337,56.5530502127198,22,19.3917441431368
"244","116",762.469096269,"Boreal Shield West","Manitoba",0.389,0.167,0.299,70.311,0.909,129.569,1651.844,10497.832,364.072,499.663,420.624,13563.605,0.157,0.012,0.762,47675.567,-99.3504604181425,55.1617215768285,22,17.7890554074532
"245","122",335.8387408,"Boreal Shield West","Manitoba",0.129,0.111,0.708,44.228,0.916,61.045,784.83,5433.08,173.55,238.226,201.022,6891.752,0.144,0.011,0.762,24266.354,-99.1625891756059,56.9546760764999,22,20.5210154837503
"246","151",1946.63553503,"Boreal Shield West","Manitoba",0.044,0.049,0.838,48.805,0.916,370.39,4761.272,32914.268,1052.803,1445.139,1219.398,41763.269,0.145,0.011,0.762,147047.412,-98.4597624102224,56.7105574183671,22,21.4540771749327
"247","130",2292.85741625,"Boreal Shield West","Manitoba",0.2,0.104,0.602,48.018,0.915,395.356,5074.783,34583.005,1121.49,1539.378,1298.383,44012.395,0.147,0.011,0.762,154922.362,-98.3333154766765,56.6553953340803,22,19.1954347828496
"248","110",277.939509755,"Boreal Shield West","Manitoba",0.09,0.249,0.574,107.463,0.908,66.418,845.627,5298.325,186.274,255.64,215.114,6867.398,0.16,0.013,0.762,24131.593,-98.4079912834455,54.3477324996546,22,24.7082467910141
"249","139",2354.02345309,"Boreal Shield West","Manitoba",0.029,0.194,0.654,41.922,0.917,403.572,5194.042,36323.015,1149.021,1577.252,1331.313,45978.215,0.143,0.011,0.762,161925.177,-97.7807884009523,54.5216362094054,22,19.5317574001427
"250","144",253.321468321,"Boreal Shield West","Manitoba",0.053,0.031,0.693,64.224,0.913,43.599,558.65,3740.41,123.371,169.335,142.752,4778.117,0.149,0.012,0.762,16812.893,-96.9831385807163,53.7386431708695,22,18.861871564495
"251","145",1486.37099857,"Boreal Shield West","Manitoba",0.195,0.154,0.507,53.236,0.913,248.896,3190.304,21437.068,704.639,967.172,815.427,27363.506,0.149,0.012,0.762,96291.638,-96.8661169122871,53.2875503274695,22,18.4096070404534
"252","106",405.926279313,"Boreal Shield West","Manitoba",0.166,0.109,0.572,53.307,0.914,68.191,874.44,5901.414,193.17,265.143,223.571,7525.929,0.148,0.012,0.762,26485.912,-96.8461894006693,53.0366126931459,22,18.5401374179003
"253","112",345.399780807,"Boreal Shield West","Manitoba",0.075,0.299,0.548,63.135,0.913,69.297,887.267,5896.714,195.881,268.856,226.6,7544.616,0.15,0.012,0.762,26543.517,-96.9060437913674,54.5202938659568,22,21.8431406712899
"254","114",359.518209962,"Boreal Shield West","Manitoba",0.139,0.298,0.424,62.389,0.912,65.222,834.576,5511.763,184.205,252.826,213.053,7061.645,0.151,0.012,0.762,24841.144,-96.8061541339392,54.0167830009154,22,19.6419675118721
"255","1107",506.343830829,"Boreal Shield West","Manitoba",0.124,0.19,0.531,66.272,0.912,92.846,1187.826,7829.673,262.155,359.815,303.195,10035.511,0.152,0.012,0.762,35301.074,-96.56979978328,54.5581089748002,22,19.8195581519569
"256","111",676.27910446,"Boreal Shield West","Manitoba",0.081,0.273,0.249,66.303,0.911,88.423,1130.584,7408.592,249.462,342.388,288.46,9507.909,0.153,0.012,0.762,33441.211,-96.5639736095478,54.5626774235328,22,14.0591494507167
"257","138",468.538998549,"Boreal Shield West","Manitoba",0.307,0.18,0.348,66.732,0.91,78.608,1003.576,6473.672,221.313,303.744,255.799,8336.713,0.155,0.012,0.762,29312.309,-96.5045890130942,53.1196641127189,22,17.7929970094648
"258","104",8906.14134618,"Boreal Shield West","Manitoba",0.143,0.339,0.398,75.042,0.91,1761.329,22488.778,145220.421,4959.382,6806.588,5732.227,186968.725,0.155,0.012,0.762,657407.993,-96.3272770009698,52.7613175972676,22,20.9932357608713
"259","103",606.548926699,"Boreal Shield West","Manitoba",0.025,0.268,0.601,55.295,0.914,115.075,1476.333,10009.637,326.184,447.722,377.567,12752.518,0.147,0.011,0.762,44884.051,-95.5628341984859,52.4970038717423,22,21.0247144767077
"260","137",1282.98054139,"Boreal Shield West","Manitoba",0.459,0.172,0.212,63.117,0.909,198.944,2536.725,16150.618,559.144,767.388,646.034,20858.853,0.157,0.012,0.762,73320.797,-95.7256565704437,52.6546530375187,22,16.2581210915336
"261","105",103.547738019,"Boreal Shield West","Manitoba",0.067,0.533,0.336,77.019,0.91,22.575,288.238,1860.814,63.563,87.237,73.466,2395.894,0.155,0.012,0.762,8424.267,-95.1031843858291,52.9965928947002,22,23.1380621714825
"262","409",102.251956468,"Boreal Shield West","Manitoba",0.215,0.175,0.494,37.757,0.916,15.884,204.298,1419.585,45.183,62.022,52.342,1799.314,0.144,0.011,0.762,6335.983,-94.7805419860226,53.3398821484825,22,17.5968662327072
"263","108",187.739644291,"Boreal Shield West","Manitoba",0.153,0.069,0.705,48.85,0.915,34.065,437.448,2993.645,96.689,132.718,111.954,3806.519,0.146,0.011,0.762,13399.963,-95.6403231192306,55.8568987694844,22,20.2755204654581
"264","118",6525.77341407,"Boreal Shield West","Manitoba",0.272,0.116,0.525,38.417,0.916,1030.936,13253.882,91719.115,2930.824,4023.034,3394.734,116352.526,0.145,0.011,0.762,409682.367,-94.3400805980145,55.8791767896479,22,17.8296913817351
"265","372",847.683851577,"Boreal Plains","Manitoba",0.001,0.001,0.003,23.579,0.914,1.104,14.162,96.292,3.128,4.294,3.62,122.601,0.147,0.011,0.831,431.548,-99.6418788700984,51.9736238424731,23,0.144630571612185
"266","379",110.962980031,"Boreal Plains","Manitoba",0.002,0.004,0.014,,0.934,0.354,4.693,42.397,1.051,1.443,1.229,51.165,0.111,0.008,0.798,181.03,-98.6771353625696,51.6117457753984,23,0.461099728807805
"267","381",102.630510621,"Boreal Plains","Manitoba",0,0.001,0.003,,0.935,0.07,0.924,8.403,0.207,0.284,0.242,10.129,0.11,0.008,0.797,35.84,-98.538732411187,51.7181237748356,23,0.0986938478500313
"268","454",316.649319132,"Boreal Plains","Manitoba",0.018,0.019,0.053,32.311,0.913,9.402,120.372,799.327,26.564,36.46,30.721,1022.845,0.151,0.012,0.831,3598.66,-100.324742977723,53.672575267515,23,3.23021379867112
"269","117",22853.2058835,"Boreal Plains","Manitoba",0.019,0.287,0.641,79.297,0.906,10036.804,127517.762,780698.413,28054.143,38498.56,32365.707,1017171.39,0.163,0.013,0.831,3572701.802,-99.5572705363197,53.4381812482683,23,44.5089146435423
"270","2142",885.41740477,"Subhumid Prairies","Manitoba",0,0.205,0.161,27.746,,,,,,,,,,,,,-99.5612929735355,49.7962296215279,24,
"271","447",295.916274084,"Hudson Plains","Ontario",0.122,0.042,0.694,26.86,0.918,61.824,796.796,5646.541,176.362,242.097,204.427,7128.047,0.141,0.011,0.718,25109.938,-93.4704132725641,57.2517540207473,18,24.0880533592303
"272","128",143.218419347,"Hudson Plains","Ontario",0.222,0.491,0.127,41.202,0.913,29.812,381.892,2550.572,84.327,115.744,97.567,3259.915,0.15,0.012,0.718,11470.184,-93.3720149813141,56.6274497126105,18,22.7618417719137
"273","123",9060.83854607,"Hudson Plains","Ontario",0.486,0.135,0.199,34.908,0.911,1613.55,20629.428,135070.673,4551.636,6247.134,5263.001,173375.422,0.153,0.012,0.718,609786.714,-93.0364719686809,57.0038941467501,18,19.1345890469706
"274","126",7479.61478023,"Hudson Plains","Ontario",0.38,0.142,0.416,38.731,0.913,1689.901,21639.592,143978.823,4777.521,6557.378,5526.89,184170.105,0.15,0.012,0.718,647964.128,-92.3541564834067,56.53002377333,18,24.6229398720901
"275","147",969.972684407,"Hudson Plains","Ontario",0.476,0.151,0.252,38.001,0.911,193.558,2474.454,16187.777,545.943,749.308,631.254,20782.293,0.153,0.012,0.718,73093.073,-91.7268560781269,56.6634916016061,18,21.4256476848164
"276","141",851.393339764,"Hudson Plains","Ontario",0.332,0.479,0.028,37.565,0.912,164.363,2104.046,13955.027,464.475,637.511,537.285,17862.708,0.151,0.012,0.718,62842.076,-91.5919789801803,56.1600768312842,18,20.980558768467
"277","125",2582.41598087,"Hudson Plains","Ontario",0.454,0.119,0.252,44.395,0.91,509.323,6500.919,41833.896,1433.414,1967.297,1656.596,53901.446,0.155,0.012,0.718,189511.784,-91.5269507298709,56.3318582675032,18,20.8724877786115
"278","109",269.952778379,"Hudson Plains","Ontario",0.463,0.118,0.298,41.396,0.911,55.883,714.027,4644.769,157.503,216.171,182.084,5970.437,0.154,0.012,0.718,20996.097,-91.1545589937498,56.587509433689,18,22.1165977096106
"279","127",110.054192955,"Hudson Plains","Ontario",0.5,0.103,0.193,39.965,0.91,19.612,250.31,1610.005,55.191,75.747,63.783,2074.647,0.155,0.012,0.718,7294.172,-90.866582178393,56.5515685672526,18,18.8511400092525
"280","124",5984.60907895,"Hudson Plains","Ontario",0.418,0.175,0.288,45.516,0.911,1297.652,16573.691,107372.96,3655.344,5016.868,4225.333,138141.848,0.154,0.012,0.718,485759.205,-90.6529080162878,56.2061307302351,18,23.0828523931319
"281","619",1380.29401481,"Taiga Shield West","Alberta",0.029,0.035,0.88,51.701,0.904,530.192,6720.084,40054.962,1477.788,2027.915,1704.326,52515.268,0.168,0.013,0.817,184337.593,-103.215717129255,58.6119464103953,32,38.0464360755986
"282","612",521.33811386,"Taiga Shield West","Alberta",0.011,0.05,0.885,53.256,0.903,203.475,2578.76,15353.898,567.064,778.159,653.972,20135.329,0.168,0.013,0.817,70676.792,-102.535612128163,58.9695261500596,32,38.6223996763205
"283","617",774.588783689,"Taiga Shield West","Alberta",0.061,0.2,0.623,65.948,0.902,290.416,3673.972,21422.984,807.36,1107.869,930.61,28233.212,0.171,0.014,0.817,99055.571,-103.070139075072,58.9546109497656,32,36.4492910232169
"284","616",5497.27331677,"Taiga Shield West","Alberta",0.049,0.159,0.708,62.404,0.902,2120.271,26835.938,157364.976,5898.283,8093.774,6799.657,207112.899,0.171,0.013,0.817,726741.345,-103.249577908151,58.946346159156,32,37.6755687893816
"285","610",1495.84244191,"Taiga Shield West","Alberta",0.012,0.058,0.855,45.24,0.904,547.079,6939.797,41751.143,1526.564,2094.881,1760.993,54620.457,0.166,0.013,0.817,191766.1,-102.53013848381,59.0422620224345,32,36.5148463966945
"286","618",3284.66806063,"Taiga Shield West","Alberta",0.057,0.264,0.616,58.138,0.902,1261.008,15963.211,93800.492,3508.785,4814.861,4045.199,123393.557,0.17,0.013,0.817,432997.109,-103.268387215033,59.1294960867582,32,37.5665226203506
"287","646",5602.52068213,"Taiga Shield West","Alberta",0.104,0.286,0.542,87.279,0.9,2335.904,29497.405,168354.535,6477.761,8888.554,7462.738,223016.898,0.175,0.014,0.817,782076.295,-106.688668526138,59.330770760568,32,39.8065282849098
"288","630",8253.89937808,"Taiga Shield West","Alberta",0.034,0.117,0.804,73.549,0.901,3492.791,44175.984,256885.239,9706.862,13319.816,11187.917,338768.609,0.172,0.014,0.817,1188489.959,-105.118682476013,59.5821528904877,32,41.0434624269436
"289","633",15446.0584087,"Taiga Shield West","Alberta",0.042,0.142,0.769,75.224,0.901,6534.564,82630.578,479339.449,18155.173,24912.543,20924.011,632496.319,0.172,0.014,0.817,2218845.391,-105.272972031714,59.7038020765993,32,40.9487198781889
"290","54",7825.01177733,"Taiga Shield West","Alberta",0.05,0.122,0.757,94.899,0.9,3407.998,43044.774,246300.327,9453.523,12971.838,10891.612,326070.072,0.175,0.014,0.817,1143529.151,-106.751246218855,59.9504078243658,32,41.6702340237575
"291","607",6051.3709103,"Taiga Shield West","Alberta",0.011,0.215,0.637,89.069,0.9,2425.726,30648.616,176082.831,6731.872,9237.329,7756.663,232883.037,0.174,0.014,0.817,816796.517,-109.634207066576,59.6894020259038,32,38.4843435400086
"292","606",18040.2294284,"Taiga Shield West","Alberta",0.003,0.063,0.887,85.203,0.901,7996.098,101083.41,584441.054,22207.119,30472.451,25591.734,771791.866,0.173,0.014,0.817,2707306.599,-109.456836215936,59.8191312850637,32,42.7817101253158
"293","639",414.493367438,"Taiga Shield West","Alberta",0.04,0.091,0.823,95.123,0.9,186.208,2352.151,13476.154,516.601,708.866,595.206,17835.184,0.175,0.014,0.817,62549.866,-106.150296668561,59.8321893986615,32,43.0288766988963
"294","608",15140.5277134,"Boreal Shield West","Saskatchewan",0.016,0.642,0.301,113.781,0.909,2805.32,35753.04,226450.726,7877.388,10810.94,9098.551,292795.965,0.158,0.012,0.774,1029119.366,-109.696808071048,59.010162272529,27,19.338557449412
"295","656",245.101684972,"Boreal Shield West","Saskatchewan",0.007,0.031,0.943,110.161,0.911,46.86,598.502,3877.324,131.984,181.143,152.549,4988.363,0.154,0.012,0.774,17541.211,-106.406634098725,55.6327784488021,27,20.3522183071482
"296","650",5394.28843604,"Boreal Shield West","Saskatchewan",0.187,0.141,0.561,79.124,0.911,780.408,9978.402,65386.53,2201.447,3021.48,2545.354,83913.621,0.153,0.012,0.774,295144.816,-105.882099220323,55.7062053763071,27,15.5560129931802
"297","644",643.662028989,"Boreal Shield West","Saskatchewan",0.068,0.158,0.662,85.441,0.912,100.104,1280.408,8422.036,282.524,387.766,326.694,10799.531,0.152,0.012,0.774,37987.562,-105.586142817792,55.9048224435725,27,16.7782633021911
"298","647",4709.71397859,"Boreal Shield West","Saskatchewan",0.03,0.061,0.767,92.555,0.912,739.298,9454.906,62101.201,2086.131,2863.223,2412.185,79656.944,0.152,0.012,0.774,280186.519,-105.483095591001,55.6666913119953,27,16.9133294213012
"299","645",5424.48961657,"Boreal Shield West","Saskatchewan",0.013,0.017,0.942,115.083,0.91,1040.248,13280.664,85671.692,2928.222,4018.85,3384.071,110323.747,0.155,0.012,0.774,387911.37,-105.39460019566,55.893285028204,27,20.338087967391
"300","641",15519.4882265,"Boreal Shield West","Saskatchewan",0.012,0.309,0.498,93.253,0.911,2328.087,29750.019,193786.463,6561.819,9005.96,7585.402,249017.75,0.154,0.012,0.774,875752.199,-105.150057772863,55.4327193950155,27,16.0454872200486
"301","642",5585.0262932,"Boreal Shield West","Saskatchewan",0.064,0.178,0.687,114.238,0.909,997.997,12730.083,81365.055,2805.829,3850.8,3241.728,104991.492,0.156,0.012,0.774,369092.453,-105.129271538051,55.6170679850331,27,18.7987462347011
"302","638",2709.708141,"Boreal Shield West","Saskatchewan",0.05,0.156,0.727,67.626,0.914,414.034,5310.31,35904.935,1172.996,1610.037,1357.526,45769.839,0.148,0.012,0.774,161085.787,-104.899632774781,55.9545694618753,27,16.8910586005432
"303","988",293.767427722,"Boreal Shield West","Saskatchewan",0.041,0.365,0.101,156.353,0.906,30.608,388.926,2384.953,85.59,117.456,98.767,3106.299,0.163,0.013,0.774,10910.611,-108.652803261797,56.4580558844713,27,10.5740075545052
"304","349",445243.356755,"Boreal Shield West","Saskatchewan",0.003,0.092,0.879,97.962,0.911,81623.947,1043506.406,6827926.789,230204.73,315954.35,266153.69,8765369.912,0.153,0.012,0.774,30829069.594,-106.332353472211,56.2224289201584,27,19.6866944312956
"305","622",4820.81740806,"Boreal Shield West","Saskatchewan",0.058,0.138,0.622,104.236,0.91,738.224,9424.729,60793.816,2078.023,2851.99,2401.506,78288.288,0.155,0.012,0.774,275270.663,-103.373619505811,56.500621471342,27,16.2396293767751
"306","634",676.78672781,"Boreal Shield West","Saskatchewan",0.328,0.104,0.39,55.09,0.913,74.443,953.763,6379.284,210.59,289.047,243.641,8150.769,0.15,0.012,0.774,28680.143,-104.349559136547,56.4818903552303,27,12.0433345765732
"307","632",1161.89575298,"Boreal Shield West","Saskatchewan",0.002,0.071,0.882,63.415,0.915,182.162,2339.708,16044.096,517.113,709.803,598.727,20391.609,0.146,0.011,0.774,71787.86,-104.233134623848,56.5489465725997,27,17.5502913645223
"308","660",972.657628776,"Boreal Shield West","Saskatchewan",0.014,0.365,0.511,67.784,0.914,143.209,1835.867,12351.942,405.439,556.493,469.142,15762.092,0.149,0.012,0.774,55468.914,-107.301443678421,56.2606504312943,27,16.2051800486417
"309","640",1354.63152961,"Boreal Shield West","Saskatchewan",0.222,0.201,0.476,65.123,0.913,182.977,2343.054,15588.655,517.23,709.919,598.304,19940.14,0.15,0.012,0.774,70156.029,-105.503458508186,56.5270214780586,27,14.7199733389793
"310","661",33758.635608,"Boreal Shield West","Saskatchewan",0.018,0.455,0.459,84.268,0.912,5552.54,70999.873,465544.614,15663.974,21498.758,18110.891,597370.649,0.153,0.012,0.774,2101133.588,-107.942283079478,56.3566576338318,27,17.6953433763312
"311","611",1022.86145912,"Boreal Shield West","Saskatchewan",0.051,0.532,0.356,58.3,0.914,148.918,1910.385,12943.063,422.007,579.242,488.414,16492.029,0.148,0.012,0.774,58045.819,-102.110026270249,57.0799102234444,27,16.1234240013194
"312","665",6488.56736217,"Boreal Shield West","Saskatchewan",0.1,0.153,0.565,88.491,0.911,925.815,11832.508,77193.161,2610.039,3582.238,3017.36,99161.122,0.153,0.012,0.774,348742.72,-108.332763830642,56.6837401496718,27,15.2824370103845
"313","615",4552.0357162,"Boreal Shield West","Saskatchewan",0.001,0.119,0.816,45.552,0.918,636.819,8206.287,58079.673,1816.067,2492.95,2104.796,73336.592,0.141,0.011,0.774,258338.99,-102.714081837252,57.216415554797,27,16.1107242060967
"314","666",354.752468948,"Boreal Shield West","Saskatchewan",0.042,0.229,0.646,91.811,0.911,58.835,752.038,4912.406,165.893,227.686,191.788,6308.645,0.153,0.012,0.774,22187.66,-108.69202314548,56.8165514227303,27,17.7832307093111
"315","614",2242.15896662,"Boreal Shield West","Saskatchewan",0.058,0.319,0.56,69.068,0.913,344.021,4408.519,29550.227,973.453,1336.123,1126.281,37738.623,0.149,0.012,0.774,132797.196,-102.68581238482,57.4700458709948,27,16.831377061944
"316","653",1402.47654298,"Boreal Shield West","Saskatchewan",0.101,0.238,0.588,75.541,0.912,215.695,2760.984,18300.213,609.394,836.411,704.83,23427.526,0.151,0.012,0.774,82419.607,-106.645150604417,57.3141906017197,27,16.704397743595
"317","620",1259.57096496,"Boreal Shield West","Saskatchewan",0.106,0.227,0.593,59.023,0.914,178.691,2293.345,15606.368,506.706,695.507,586.534,19867.152,0.147,0.011,0.774,69930.959,-103.341263787774,57.6028430550793,27,15.7729517055285
"318","609",538.306988153,"Boreal Shield West","Saskatchewan",0.081,0.185,0.683,39.913,0.918,71.395,920.285,6531.003,203.683,279.601,236.086,8242.053,0.141,0.011,0.774,29035.395,-102.036489465874,58.0085618333451,27,15.3110644695131
"319","649",3659.48574297,"Boreal Shield West","Saskatchewan",0.019,0.135,0.812,51.106,0.917,540.847,6960.103,48627.311,1539.46,2113.187,1783.473,61564.381,0.143,0.011,0.774,216814.911,-106.288040137665,57.8825226156999,27,16.8232329141512
"320","655",37945.9539549,"Boreal Shield West","Saskatchewan",0.003,0.173,0.771,103.026,0.911,6851.469,87527.143,568381.365,19303.362,26493.314,22312.637,730869.29,0.154,0.012,0.774,2570175.299,-107.127504627715,57.8362170277227,27,19.2607963122672
"321","624",10444.437454,"Boreal Shield West","Saskatchewan",0.049,0.19,0.729,64.263,0.914,1631.602,20936.495,142225.629,4625.527,6348.991,5353.961,181122.204,0.147,0.011,0.774,637514.942,-104.234189724722,58.3280939639465,27,17.3414992236498
"322","664",1052.88353915,"Boreal Shield West","Saskatchewan",0.012,0.704,0.207,106.404,0.909,183.798,2343.244,14894.925,516.348,708.641,596.452,19243.409,0.157,0.012,0.774,67641.831,-108.642211200662,58.5701671318125,27,18.2768637598184
"323","663",505.193691945,"Boreal Shield West","Saskatchewan",0.021,0.246,0.615,63.72,0.914,72.268,927.381,6303.226,204.89,281.233,237.16,8026.158,0.147,0.011,0.774,28250.834,-108.611223646938,58.7059865672052,27,15.8872886339875
"324","629",2847.17367092,"Boreal Shield West","Saskatchewan",0.108,0.187,0.62,82.099,0.912,443.482,5672.297,37296.481,1251.584,1717.807,1447.244,47828.895,0.152,0.012,0.774,168237.8,-104.949340508897,59.1084462632798,27,16.7987276254016
"325","654",3929.06021373,"Boreal Shield West","Saskatchewan",0.066,0.153,0.702,94.49,0.911,655.828,8380.751,54597.17,1848.539,2537.085,2136.928,70156.302,0.154,0.012,0.774,246727.705,-107.364107856388,58.9999913714617,27,17.8557462048661
"326","1012",219.580722284,"Boreal Shield West","Saskatchewan",0.046,0.047,0.82,61.31,0.915,32.03,411.413,2822.411,90.931,124.814,105.284,3586.884,0.146,0.011,0.774,12627.586,-103.044354718396,58.1891291999288,27,16.3351498377932
"327","627",165.655220453,"Boreal Shield West","Saskatchewan",0.044,0.059,0.846,49.027,0.917,23.56,303.343,2129.086,67.108,92.118,77.756,2692.971,0.142,0.011,0.774,9484.842,-103.761890478306,56.3590051897043,27,16.2564813389872
"328","636",3264.45527304,"Boreal Shield West","Saskatchewan",0.043,0.135,0.718,104.284,0.91,551.787,7046.224,45565.912,1553.744,2132.452,1795.746,58645.865,0.155,0.012,0.774,206216.312,-104.397564111568,55.6358737615861,27,17.9649773376697
"329","621",349.83405073,"Boreal Shield West","Saskatchewan",0.011,0.002,0.968,98.55,0.911,64.682,827.026,5419.306,182.459,250.424,210.962,6954.859,0.153,0.012,0.774,24461.95,-103.026945912855,55.8230737539345,27,19.8804518470608
"330","623",322.58929403,"Boreal Shield West","Saskatchewan",0.015,0.012,0.946,99.539,0.911,59.253,757.497,4955.347,167.109,229.355,193.204,6361.765,0.153,0.012,0.774,22375.126,-103.27227195195,55.9802156014944,27,19.7209427520814
"331","626",6151.44695934,"Boreal Shield West","Saskatchewan",0.088,0.228,0.569,101.312,0.91,996.648,12720.902,81848.977,2804.506,3849.034,3240.829,105460.897,0.155,0.012,0.774,370793.589,-103.654013024877,56.0020454398849,27,17.144079709551
"332","635",7531.27524745,"Boreal Shield West","Saskatchewan",0.056,0.14,0.728,107.698,0.91,1320.683,16858.113,108559.11,3716.744,5101.041,4295.11,139850.802,0.155,0.012,0.774,491714.485,-104.474460118809,55.9440616880108,27,18.5693388443547
"333","613",490.309490737,"Boreal Shield West","Saskatchewan",0.026,0.041,0.894,95.794,0.912,87.37,1117.161,7323.137,246.472,338.282,284.978,9397.399,0.153,0.012,0.774,33053.213,-102.143666848396,56.2278039273008,27,19.1662596330217
"334","625",7916.00039127,"Boreal Shield West","Saskatchewan",0.013,0.199,0.673,85.193,0.912,1251.526,16014.848,105797.404,3534.274,4850.858,4087.347,135536.256,0.151,0.012,0.774,476793.728,-103.412363933143,54.8372743177852,27,17.1218101693721
"335","628",48759.2221973,"Boreal Shield West","Saskatchewan",0.157,0.185,0.559,78.71,0.912,7233.453,92510.458,607727.814,20411.638,28015.058,23602.007,779500.428,0.152,0.012,0.774,2741836.285,-104.026867091426,55.0262201058004,27,15.986728107471
"336","1014",272.583369723,"Boreal Shield West","Saskatchewan",0.04,0.005,0.605,96.684,0.911,32.599,416.716,2723.684,91.927,126.17,106.28,3497.377,0.153,0.012,0.774,12300.491,-104.00757968433,55.212542033571,27,12.8304855998884
"337","631",1223.83375643,"Boreal Shield West","Saskatchewan",0.059,0.174,0.703,95.881,0.911,209.172,2672.638,17387.81,589.472,809.036,681.406,22349.534,0.154,0.012,0.774,78597.345,-103.850303391373,55.433526161815,27,18.261903532711
"338","659",622.602334052,"Boreal Plains","Saskatchewan",0,0.447,0.156,40.292,0.907,97.381,1238.42,7662.513,272.542,374.014,314.506,9959.375,0.162,0.013,0.782,34989.264,-106.185176003834,53.0174728039986,28,15.9963663084633
"339","658",630.076578611,"Boreal Plains","Saskatchewan",0.001,0.087,0.003,23.011,0.908,13.4,170.744,1078.807,37.602,51.604,43.416,1395.573,0.158,0.012,0.782,4905.115,-106.011564835651,52.7170162134912,28,2.2149260064174
"340","652",44049.65308,"Boreal Plains","Saskatchewan",0.008,0.201,0.691,98.533,0.902,13398.779,169541.924,991167.003,37241.43,51102.035,42912.557,1305363.728,0.171,0.014,0.782,4580370.992,-106.28680714915,55.2797090299083,28,29.6339161997323
"341","651",1150.50987587,"Boreal Plains","Saskatchewan",0.004,0.335,0.615,85.421,0.903,354.153,4484.642,26446.217,985.367,1352.123,1135.667,34758.17,0.17,0.013,0.782,121985.661,-105.745314206362,54.828737208395,28,30.2111009466271
"342","648",406.290203922,"Boreal Plains","Saskatchewan",0.002,0.112,0.006,46.04,0.905,12.99,164.926,1001.964,36.271,49.774,41.834,1307.76,0.165,0.013,0.782,4592.65,-104.802539775241,53.0855732717557,28,3.21878299642948
"343","643",552.205673992,"Boreal Plains","Saskatchewan",0.05,0.254,0.388,44.418,0.907,99.332,1263.269,7819.448,278.026,381.542,320.85,10162.467,0.162,0.013,0.782,35702.898,-104.580360493864,53.6943765447104,28,18.4034092343412
"344","674",132.474847073,"Boreal Plains","Saskatchewan",0,0.525,0.17,119.668,0.899,33.244,419.633,2383.918,92.084,126.35,106.024,3161.253,0.176,0.014,0.782,11085.541,-109.836355812855,53.6454155916631,28,23.8630432104443
"345","637",15459.334285,"Boreal Plains","Saskatchewan",0.168,0.2,0.492,86.461,0.901,4149.703,52483.21,305107.106,11525.96,15815.541,13278.915,402360.435,0.172,0.014,0.782,1411667.253,-104.617127174881,54.7632139113888,28,26.0270220943735
"346","657",311.952356328,"Boreal Plains","Saskatchewan",0.001,0.389,0.237,90.906,0.901,64.56,816.606,4753.218,179.341,246.086,206.621,6266.433,0.172,0.014,0.782,21986.204,-106.076833279196,53.3816624855842,28,20.087788641068
"347","1004",123.896572013,"Boreal Plains","Saskatchewan",0.036,0.419,0.526,59.594,0.905,34.665,439.966,2662.552,96.754,132.771,111.587,3478.295,0.165,0.013,0.782,12214.113,-108.145807826507,54.9985538573859,28,28.0741827113266
"348","1000",101.27825715,"Boreal Plains","Saskatchewan",0.051,0.192,0.667,71.367,0.904,27.678,350.967,2102.335,77.156,105.877,88.963,2752.976,0.167,0.013,0.782,9664.983,-104.409141894278,54.6341310168974,28,27.1823003028444
"349","984",314.558276977,"Boreal Plains","Saskatchewan",0,0.141,0.202,86.278,0.902,34.957,442.571,2603.871,97.234,133.424,112.057,3424.113,0.17,0.013,0.782,12016.516,-106.897204009766,53.4263051618521,28,10.8854646360184
"350","352",46926.2284938,"Boreal Plains","Saskatchewan",0.033,0.23,0.625,97.459,0.902,13956.01,176555.755,1029641.841,38778.623,53211.094,44680.71,1356824.034,0.171,0.014,0.782,4760687.873,-109.792629332131,55.4136600701513,28,28.9139800395266
"351","673",5397.85110648,"Boreal Plains","Saskatchewan",0.027,0.256,0.495,103.596,0.901,1437.748,18178.345,105301.925,3991.761,5477.331,4598.471,138985.581,0.173,0.014,0.782,487587.119,-109.630049335343,55.2214135444584,28,25.7483169243314
"352","671",2793.92498557,"Boreal Plains","Saskatchewan",0.028,0.584,0.317,120.853,0.899,933.442,11783.039,66956.702,2585.717,3547.892,2977.18,88783.971,0.176,0.014,0.782,311339.527,-109.79136041976,55.8497958429152,28,31.7775070764424
"353","672",645.030616277,"Boreal Plains","Saskatchewan",0.045,0.033,0.789,92.176,0.902,183.073,2318.019,13653.428,509.31,698.876,586.991,17949.697,0.17,0.013,0.782,62993.601,-109.63637501073,56.1856590784391,28,27.8276666983691
"354","1005",101.124075332,"Boreal Plains","Saskatchewan",0.092,0.129,0.344,73.543,0.903,16.997,215.282,1273.096,47.306,64.914,54.525,1672.119,0.169,0.013,0.782,5868.755,-109.711470451462,56.6184332833628,28,16.5353205407345
"355","351",67318.4576143,"Boreal Plains","Saskatchewan",0.016,0.199,0.603,104.45,0.901,18954.343,239713.459,1392815.18,52644.256,72236.728,60650.999,1837014.965,0.172,0.014,0.782,6445009.719,-109.362170948283,55.8260205874736,28,27.2884292080063
"356","1641",718.797521042,"Boreal Plains","Saskatchewan",0.016,0.03,0.93,94.48,0.903,233.088,2951.551,17403.03,648.534,889.922,747.473,22873.597,0.17,0.013,0.782,80275.555,-109.241603525699,56.008298649671,28,31.8220310037261
"357","981",332.838542196,"Boreal Plains","Saskatchewan",0.011,0.341,0.386,70.692,0.904,74.247,941.181,5617.447,206.878,283.884,238.507,7362.145,0.168,0.013,0.782,25844.637,-109.434725942924,56.5014597944032,28,22.1192682536887
"358","670",1907.77001364,"Boreal Plains","Saskatchewan",0.014,0.683,0.257,146.068,0.898,692.473,8732.079,48994.235,1915.408,2628.096,2204.673,65166.965,0.178,0.014,0.782,228457.127,-109.276438037986,56.5632016270933,28,34.1587112356705
"359","669",537.419237704,"Boreal Plains","Saskatchewan",0.033,0.1,0.813,111.316,0.901,177.756,2247.608,13028.407,493.571,677.26,568.61,17193.212,0.173,0.014,0.782,60317.687,-109.017579121922,56.3769693463728,28,31.9921781614183
"360","350",114924.128085,"Boreal Plains","Saskatchewan",0.011,0.146,0.808,111.48,0.901,38967.126,492735.971,2857715.03,108205.826,148476.098,124658.013,3770758.064,0.172,0.014,0.782,13228834.169,-108.145490023457,55.7340388953112,28,32.8108477030261
"361","1016",157.765575976,"Boreal Plains","Saskatchewan",0.028,0.057,0.558,75.076,0.904,31.029,393.472,2358.302,86.504,118.704,99.744,3087.755,0.167,0.013,0.782,10840.417,-103.830738616963,53.9389163270511,28,19.5717917606419
"362","980",164.57425718,"Boreal Plains","Saskatchewan",0,0.004,0.004,38.497,0.908,0.35,4.456,27.953,0.981,1.346,1.133,36.219,0.159,0.013,0.782,127.281,-102.679885632912,54.0656323457173,28,0.220076946544478
"363","983",132.456036987,"Boreal Plains","Saskatchewan",0,0.002,0.005,59.362,0.906,0.259,3.296,20.142,0.725,0.995,0.836,26.254,0.164,0.013,0.782,92.211,-102.293155973042,53.9306167557743,28,0.198209161297621
"364","994",150.606319315,"Boreal Plains","Saskatchewan",0.036,0.134,0.633,94.999,0.902,40.097,507.449,2971.759,111.473,152.961,128.454,3912.193,0.171,0.013,0.782,13727.95,-103.298982350699,54.6070042825029,28,25.9762871690495
"365","982",443.911673389,"Boreal Plains","Saskatchewan",0,0.041,0.041,35.208,0.908,9.135,116.371,733.274,25.628,35.171,29.589,949.168,0.159,0.012,0.782,3335.881,-102.421056907617,53.9643271502099,28,2.13819112426954
"366","986",302.038546649,"Boreal Plains","Saskatchewan",0,0.085,0.015,95.283,0.901,10.217,129.118,743.841,28.346,38.895,32.649,983.065,0.174,0.014,0.782,3448.379,-102.459652668601,52.738553507184,28,3.25476668758582
"367","668",3725.4710339,"Subhumid Prairies","Saskatchewan",0,0.191,0.127,50.505,,,,,,,,,,,,,-108.239380044675,53.1321868535021,29,
"368","2143",1158.78943877,"Semiarid Prairies","Saskatchewan",0,0.083,0.007,145.573,,,,,,,,,,,,,-106.677021355878,51.9091846155041,30,
"369","667",306.177750554,"Semiarid Prairies","Saskatchewan",0,0,0,89.071,,,,,,,,,,,,,-106.912139045517,50.5161462173183,30,
"370","354",217957.943349,"Taiga Plains","Alberta",0.011,0.209,0.743,105.808,0.901,84484.28,1068679.58,6224132.361,234749.092,322118.854,270500.201,8204664.368,0.172,0.014,0.797,28786362.637,-119.601922709394,58.3996750464471,31,37.6433372509048
"371","697",3253.8602709,"Taiga Plains","Alberta",0.088,0.18,0.671,131.731,0.899,1294.593,16344.151,93027.367,3587.576,4922.623,4131.575,123307.885,0.176,0.014,0.797,432409.583,-119.961704269697,59.4592904074207,31,37.895875893249
"372","692",4794.17154777,"Taiga Plains","Alberta",0.031,0.177,0.769,102.853,0.902,1863.402,23574.107,137510.146,5178.605,7106.015,5967.509,181199.784,0.171,0.014,0.797,635767.64,-119.683817761113,59.7186798554891,31,37.7958490209398
"373","695",5145.1348841,"Taiga Plains","Alberta",0.213,0.212,0.5,113.956,0.9,1823.4,23021.633,131124.572,5053.48,6934.048,5819.925,173777.057,0.176,0.014,0.797,609400.545,-118.986503172857,59.2692657020042,31,33.775024545425
"374","310",101240.787065,"Taiga Plains","Alberta",0.005,0.137,0.798,107.044,0.902,38847.664,491413.736,2862890.409,107945.68,148121.319,124385.616,3773604.424,0.172,0.014,0.797,13239921.786,-118.758084107905,59.9435765894774,31,37.2735587444339
"375","363",188081.995441,"Taiga Plains","Alberta",0.024,0.34,0.544,102.354,0.901,66308.315,838753.551,4884324.768,184244.454,252817.33,212305.356,6438753.775,0.172,0.014,0.797,22590496.704,-118.262494354351,58.4251791123467,31,34.2337593766108
"376","694",276.906364879,"Taiga Plains","Alberta",0.079,0.16,0.688,128.604,0.9,108.46,1369.597,7815.709,300.654,412.538,346.265,10353.222,0.175,0.014,0.797,36308.243,-117.096718276032,59.05574915836,31,37.3888913840029
"377","686",40249.8144988,"Taiga Plains","Alberta",0.062,0.189,0.682,103.765,0.901,14758.938,186662.728,1085124.01,41000.495,56260.036,47242.539,1431048.746,0.172,0.014,0.797,5020678.467,-115.534475335651,59.3926197782965,31,35.5541699712098
"378","362",150129.437868,"Taiga Plains","Alberta",0.052,0.073,0.783,175.504,0.898,64235.85,809998.242,4543723.59,177712.552,243838.793,204584.087,6044093.113,0.178,0.014,0.797,21188236.44,-114.083078153101,59.6958546172551,31,40.2592136414593
"379","686",12302.289509,"Taiga Plains","Alberta",0.062,0.189,0.682,116.788,0.9,4702.891,59429.088,342040.782,13049.412,17905.832,15032.306,452160.312,0.174,0.014,0.797,1586004.41,-115.403209234367,59.510205907651,31,36.7541595951886
"380","2123",6484.60231875,"Taiga Plains","Alberta",0.044,0.065,0.797,161.746,0.899,2722.036,34339.153,193649.816,7535.205,10339.119,8675.708,257261.035,0.177,0.014,0.797,901964.322,-115.248350840059,59.7747643772358,31,39.6726001617923
"381","688",45201.2897516,"Taiga Plains","Alberta",0.065,0.064,0.742,142.986,0.899,17455.053,220312.733,1250133.57,48353.836,66347.402,55681.152,1658283.746,0.176,0.014,0.797,5814792.48,-115.985471199582,59.7050833469445,31,36.6866466667868
"382","322",11455.9894954,"Taiga Plains","Alberta",0.185,0.498,0.182,148.59,0.897,3992.908,50314.125,279814.982,11036.613,15143.137,12703.41,373005.174,0.18,0.014,0.797,1307346.342,-116.155601842182,59.9478157260133,31,32.5598390387644
"383","362",94738.4513422,"Taiga Plains","Alberta",0.052,0.073,0.783,122.631,0.9,36466.449,460749.086,2647240.978,101164.395,138812.87,116530.564,3500964.341,0.174,0.014,0.797,12279581.514,-114.37318943298,59.1859555974907,31,36.9539958844624
"384","367",90522.3381337,"Taiga Shield West","Alberta",0.037,0.753,0.136,124.831,0.898,40388.244,509095.419,2842776.317,111722.701,153296.356,128641.224,3785920.26,0.179,0.014,0.817,13269965.831,-110.825259004617,59.0451197754536,32,41.8230498466385
"385","318",114706.509299,"Taiga Shield West","Alberta",0.049,0.026,0.845,150.787,0.898,54235.978,684001.841,3843745.873,150137.183,206007.647,172900.669,5111029.191,0.178,0.014,0.817,17917127.861,-111.037559688388,59.6087909486056,32,44.5574468461709
"386","676",1426.87651772,"Boreal Shield West","Alberta",0.032,0.583,0.129,137.53,0.898,356.147,4490.794,25181.944,985.676,1352.472,1135.082,33502.115,0.178,0.014,0.873,117438.414,-111.031723600665,57.8969698951284,33,23.4793372684645
"387","608",287.351648471,"Boreal Shield West","Alberta",0.016,0.642,0.301,103.083,0.9,86.157,1088.385,6240.174,239.045,328.011,275.421,8257.193,0.174,0.014,0.873,28959.333,-110.010075800563,58.95614716191,33,28.7354989746416
"388","724",15638.7602272,"Boreal Plains","Alberta",0.049,0.189,0.36,73.724,0.9,4843.806,61157.985,348455.965,13423.373,18418.555,15457.969,461757.653,0.176,0.014,0.774,1619324.295,-119.141140909863,54.7579640798767,34,29.5264871570113
"389","722",6584.85423591,"Boreal Plains","Alberta",0.076,0.279,0.35,70.447,0.899,2355.5,29737.073,169191.326,6526.48,8955.121,7515.33,224280.83,0.176,0.014,0.774,786500.789,-119.423599330899,55.6549915351618,34,34.06010550346
"390","721",1044.31091056,"Boreal Plains","Alberta",0.027,0.424,0.287,68.508,0.9,392.26,4953.739,28297.094,1087.34,1491.971,1252.203,37474.608,0.175,0.014,0.774,131426.522,-118.931339919663,55.079712675552,34,35.884531724278
"391","720",9051.143391,"Boreal Plains","Alberta",0.054,0.188,0.603,75.716,0.9,4007.283,50606.8,289074.328,11108.618,15242.499,12793.35,382832.879,0.175,0.014,0.774,1342618.663,-117.93657661816,53.9868652927601,34,42.2966317582229
"392","719",422.365038588,"Boreal Plains","Alberta",0.112,0.081,0.275,53.46,0.901,89.286,1128.526,6511.779,247.786,340.001,285.425,8602.803,0.173,0.014,0.774,30177.539,-117.600407454758,53.916183008799,34,20.3681702177809
"393","716",41670.3830432,"Boreal Plains","Alberta",0.024,0.26,0.521,97.123,0.898,19260.013,242850.053,1361323.492,53276.351,73099.967,61327.966,1811137.842,0.178,0.014,0.774,6349093.786,-117.424057995899,54.4956602853686,34,43.4634315725483
"394","1711",779.70017025,"Boreal Plains","Alberta",0.013,0.532,0.2,58.329,0.901,282.047,3564.823,20563.537,782.7,1073.982,901.576,27168.664,0.173,0.014,0.774,95303.712,-118.309465618535,56.1349371155479,34,34.845014836009
"395","714",7041.499025,"Boreal Plains","Alberta",0.019,0.247,0.584,80.481,0.9,3228.938,40767.635,232211.024,8948.061,12277.872,10304.42,307737.95,0.176,0.014,0.774,1079187.417,-117.435251430941,55.1265935944328,34,43.7034712221664
"396","723",1329.59635784,"Boreal Plains","Alberta",0.026,0.262,0.583,55.108,0.902,550.387,6966.074,40842.829,1530.37,2099.962,1763.603,53753.225,0.171,0.013,0.774,188624.942,-119.974281561313,56.2851234021655,34,40.4282282235828
"397","1720",451.485563176,"Boreal Plains","Alberta",0.024,0.191,0.331,61.035,0.901,120.751,1526.88,8854.725,335.318,460.112,386.312,11684.098,0.172,0.014,0.774,40990.705,-119.471080883523,56.5496394725534,34,25.8792283806542
"398","698",7364.34139788,"Boreal Plains","Alberta",0.06,0.065,0.796,76.365,0.9,3568.758,45082.304,258440.069,9897.257,13580.446,11399.461,341968.295,0.174,0.014,0.774,1199396.697,-119.725365841422,56.9466849367529,34,46.4356928235896
"399","718",37494.9678916,"Boreal Plains","Alberta",0.01,0.424,0.277,96.15,0.898,15273.813,192506.209,1073526.034,42223.962,57934.513,48598.023,1430062.553,0.179,0.014,0.774,5012633.42,-119.14234680789,56.2634709547524,34,38.1401194190748
"400","699",12426.8200165,"Boreal Plains","Alberta",0.108,0.176,0.592,70.752,0.9,5513.475,69628.311,397746.4,15283.802,20971.392,17601.564,526744.944,0.175,0.014,0.774,1847332.247,-119.487684603946,56.855712283931,34,42.3877503094599
"401","1721",256.257648053,"Boreal Plains","Alberta",0.027,0.284,0.395,60.839,0.901,88.564,1119.798,6488.926,245.911,337.43,283.302,8563.931,0.173,0.014,0.774,30043.894,-118.860562151696,56.5386976107499,34,33.4192211044908
"402","717",119.949907289,"Boreal Plains","Alberta",0,0.656,0,,0.923,13.817,179.406,1359.995,39.804,54.647,46.222,1693.892,0.132,0.01,0.749,5975.036,-118.655382708424,56.3176408443288,34,14.1216616026125
"403","715",162.429106899,"Boreal Plains","Alberta",0.183,0.149,0.556,92.261,0.897,78.855,993.558,5520.065,217.902,298.976,250.775,7360.13,0.18,0.014,0.774,25796.423,-118.469877741131,56.7270034424638,34,45.312876124946
"404","1736",106.080259436,"Boreal Plains","Alberta",0.239,0.153,0.131,73.026,0.896,26.647,335.356,1836.496,73.509,100.856,84.563,2457.427,0.183,0.015,0.774,8610.287,-118.367728763231,57.0247901210534,34,23.1657333142422
"405","366",195934.006987,"Boreal Plains","Alberta",0.101,0.081,0.735,64.377,0.901,88332.785,1116693.236,6458248.591,245220.471,336482.057,282498.183,8527475.322,0.173,0.014,0.774,29914605.942,-116.07160820011,53.1753992099786,34,43.5221810298903
"406","712",56387.0911318,"Boreal Plains","Alberta",0.04,0.146,0.674,76.299,0.9,25590.551,323243.678,1851074.323,70961.129,97368.556,81728.892,2449967.13,0.175,0.014,0.774,8592657.021,-116.708842488055,54.5100883855137,34,43.4490781635359
"407","713",6823.04782484,"Boreal Plains","Alberta",0.035,0.086,0.761,57.956,0.902,2898.545,36690.929,215460.834,8061.237,11061.614,9290.375,283463.534,0.17,0.013,0.774,994730.183,-116.700045207054,54.9051820845287,34,41.5450017758958
"408","711",15169.8245164,"Boreal Plains","Alberta",0.031,0.126,0.717,74.638,0.9,6950.313,87818.827,504733.508,19281.049,26456.455,22208.898,667449.05,0.174,0.014,0.774,2341101.164,-115.819230265217,53.7791182085858,34,43.9984687547588
"409","709",3089.76366664,"Boreal Plains","Alberta",0.009,0.458,0.353,85.619,0.898,1396.917,17620.617,99242.515,3866.064,5304.622,4450.755,131881.491,0.178,0.014,0.774,462372.19,-114.932196131703,53.1673502513867,34,42.6833587383776
"410","696",4597.4837217,"Boreal Plains","Alberta",0.028,0.072,0.863,86.457,0.899,2448.074,30907.883,175996.602,6784.064,9308.603,7812.505,233257.729,0.176,0.014,0.774,817989.141,-117.855127091862,57.6565090509051,34,50.735955387733
"411","710",5158.29012544,"Boreal Plains","Alberta",0.013,0.338,0.412,69.329,0.9,2018.397,25500.467,146394.852,5598.339,7681.721,6448.081,193641.858,0.174,0.014,0.774,679191.428,-116.921830265541,56.4253704122398,34,37.5399315065634
"412","365",113087.881826,"Boreal Plains","Alberta",0.015,0.299,0.571,73.799,0.9,52442.472,662459.198,3796276.208,145429.514,199549.628,167498.129,5023655.148,0.175,0.014,0.774,17619542.199,-116.523367648315,56.0040979394241,34,44.422577086814
"413","1730",106.589046667,"Boreal Plains","Alberta",0.12,0.09,0.571,70.276,0.9,41.84,528.394,3018.631,115.986,159.148,133.576,3997.577,0.175,0.014,0.774,14019.803,-116.169876454211,56.4537953288991,34,37.5045759860206
"414","1745",198.618531495,"Boreal Plains","Alberta",0.124,0.228,0.567,67.897,0.9,90.984,1149.075,6568.358,252.231,346.094,290.483,8697.225,0.175,0.014,0.774,30502.284,-116.343842699404,57.239112029759,34,43.7885877744441
"415","705",31951.7914929,"Boreal Plains","Alberta",0.017,0.269,0.434,78.93,0.899,12323.014,155573.425,885227.235,34145.206,46851.433,39319.625,1173439.938,0.176,0.014,0.774,4114975.788,-115.135681660332,56.039709226324,34,36.7253253471171
"416","693",29574.1406068,"Boreal Plains","Alberta",0.143,0.105,0.681,87.068,0.898,14888.113,187757.896,1054772.483,41192.808,56520.438,47420.554,1402552.292,0.178,0.014,0.774,4917004.967,-115.85206394616,57.7237297406132,34,47.4249551541494
"417","1686",315.380418401,"Boreal Plains","Alberta",0.165,0.058,0.166,81.37,0.896,61.547,774.627,4245.514,169.807,232.981,195.351,5679.826,0.182,0.014,0.774,19901.142,-115.549694636701,57.5633723323171,34,18.0094440510831
"418","691",1093.5907183,"Boreal Plains","Alberta",0.31,0.215,0.284,100.674,0.895,483.253,6075.633,32845.887,1331.311,1826.566,1531.1,44093.75,0.185,0.015,0.774,154448.403,-115.861741357085,58.713765464935,34,40.3201574978108
"419","690",3429.82390516,"Boreal Plains","Alberta",0.209,0.166,0.434,78.999,0.898,1424.452,17955.232,100258.649,3938.354,5403.73,4532.96,133513.378,0.179,0.014,0.774,468003.764,-114.855304096908,57.5446407853283,34,38.9271815964475
"420","689",13146.7815448,"Boreal Plains","Alberta",0.13,0.064,0.646,91.414,0.898,6084.411,76714.827,429781.798,16829.378,23091.406,19372.525,571874.345,0.178,0.014,0.774,2004726.268,-114.697814443239,57.795472336298,34,43.4991897485507
"421","1669",159.57280007,"Boreal Plains","Alberta",0.029,0.08,0.146,64.165,0.9,19.941,251.937,1446.738,55.31,75.893,63.705,1913.523,0.174,0.014,0.774,6711.659,-116.137496010359,58.4262331618068,34,11.9915361462642
"422","317",24608.8674379,"Boreal Plains","Alberta",0.038,0.684,0.152,193.722,0.893,14799.73,185874.127,991601.414,40714.865,55859.978,46811.88,1335661.994,0.187,0.015,0.774,4677005.981,-112.072046240178,59.9353871714003,34,54.2756385425098
"423","687",385.540363455,"Boreal Plains","Alberta",0.163,0.211,0.384,84.374,0.897,154.698,1949.562,10857.97,427.591,586.686,492.119,14468.626,0.18,0.014,0.774,50713.821,-114.116349015326,57.6567336758813,34,37.528174405243
"424","685",7730.47288889,"Boreal Plains","Alberta",0.132,0.114,0.659,46.592,0.903,3092.682,39163.788,231030.722,8605.452,11808.45,9918.392,303619.484,0.17,0.013,0.774,1065572.889,-113.793484505955,57.142555292122,34,39.2756676549959
"425","684",11184.2683006,"Boreal Plains","Alberta",0.153,0.044,0.538,96.138,0.897,4564.98,57517.587,319523.564,12614.584,17308.089,14517.759,426046.564,0.18,0.014,0.774,1493238.64,-114.179749067441,58.1558507768054,34,38.0933783551262
"426","683",24135.8073355,"Boreal Plains","Alberta",0.025,0.237,0.637,74.483,0.9,11383.484,143801.904,824372.793,31569.399,43317.674,36360.53,1090805.784,0.174,0.014,0.774,3825827.801,-113.445087005742,57.041020844734,34,45.1945016314244
"427","681",64136.8880282,"Boreal Plains","Alberta",0.033,0.374,0.394,121.701,0.896,31645.609,398374.109,2188935.894,87340.598,119835.243,100490.969,2926622.422,0.182,0.014,0.774,10254892.52,-114.248343217738,58.4815629230738,34,45.6308765824935
"428","682",14655.9326825,"Boreal Plains","Alberta",0.075,0.05,0.817,48.593,0.903,6247.456,79158.695,470016.248,17397.822,23873.7,20056.1,616750.021,0.168,0.013,0.774,2164824.971,-113.3881314282,57.3580380562275,34,42.0819359887231
"429","2126",1411.16500495,"Boreal Plains","Alberta",0.22,0.045,0.518,90.052,0.897,591.245,7448.026,41272.034,1633.323,2241.021,1879.603,55065.252,0.18,0.014,0.774,192986.158,-113.779022625883,58.2463958156454,34,39.0211292136961
"430","681",12598.9784956,"Boreal Plains","Alberta",0.033,0.374,0.394,123.147,0.896,6238.639,78531.244,431193.24,17217.028,23622.513,19808.962,576611.627,0.182,0.014,0.774,2020415.47,-113.909635705762,58.4776857931139,34,45.766537914274
"431","680",3957.31724525,"Boreal Plains","Alberta",0.085,0.068,0.742,67.868,0.901,1778.848,22483.619,129732.097,4936.968,6774.292,5687.176,171392.999,0.173,0.014,0.774,601219.957,-113.311891791638,57.8055426880666,34,43.3104015619987
"432","679",12088.6128134,"Boreal Plains","Alberta",0.051,0.731,0.08,83.334,0.897,5642.083,71104.698,396090.688,15594.704,21397.038,17947.705,527776.916,0.18,0.014,0.774,1849921.074,-113.221100508728,57.6892549591075,34,43.6590139949696
"433","678",20122.8526005,"Boreal Plains","Alberta",0.023,0.676,0.171,137.794,0.895,11180.154,140592.033,762197.579,30810.54,42272.494,35437.532,1022490.332,0.184,0.015,0.774,3581720.761,-113.376944950848,58.1280083706187,34,50.8123948577049
"434","678",49732.0524897,"Boreal Plains","Alberta",0.023,0.676,0.171,92.654,0.897,24422.468,307727.317,1710210.86,67487.544,92597.448,77667.389,2280113.027,0.18,0.014,0.774,7991625.115,-113.129690392785,57.9845132226196,34,45.8479574610807
"435","2124",5062.1617639,"Boreal Plains","Alberta",0.051,0.641,0.076,123.954,0.895,2390.581,30063.357,163083.733,6588.346,9039.303,7577.758,218743.078,0.184,0.015,0.774,766255.997,-112.80540419435,58.2907951805095,34,43.2113962773634
"436","677",14617.4134671,"Boreal Plains","Alberta",0.02,0.692,0.224,95.693,0.897,7816.361,98481.578,546911.342,21597.617,29633.358,24855.105,729295.361,0.18,0.014,0.774,2556080.475,-112.656331656465,58.1218032269204,34,49.8922304306062
"437","361",162453.184319,"Boreal Plains","Alberta",0.053,0.678,0.128,140.965,0.895,89169.233,1120898.81,6048179.493,245607.13,336973.809,282458.542,8123287.017,0.185,0.015,0.774,28452319.597,-113.226841401389,59.1639805235057,34,50.0038645044271
"438","677",4049.75947325,"Boreal Plains","Alberta",0.02,0.692,0.224,94.403,0.897,2155.69,27162.549,150990.115,5957.086,8173.528,6855.726,201294.693,0.18,0.014,0.774,705525.702,-112.60685818151,58.0589533877727,34,49.7053453000402
"439","2125",340.890299378,"Boreal Plains","Alberta",0.095,0.334,0.039,132.421,0.894,97.773,1228.275,6573.858,269.064,369.152,309.371,8847.495,0.187,0.015,0.774,30983.182,-112.256924006935,58.3723594379047,34,25.954082636389
"440","317",304427.288326,"Boreal Plains","Alberta",0.038,0.684,0.152,169.064,0.894,178115.41,2237870.969,11998157.983,490265.55,672639.589,563746.058,16140795.559,0.187,0.015,0.774,56525753.084,-112.290572295039,59.6885797314083,34,53.0201994957673
"441","675",22315.0603742,"Boreal Plains","Alberta",0.017,0.685,0.188,131.471,0.895,12522.247,157510.588,856767.071,34521.671,47364.467,39709.111,1148395.156,0.184,0.015,0.774,4023064.143,-110.508908622659,57.6986803242541,34,51.4627850762053
"442","701",1687.94111615,"Boreal Plains","Alberta",0.203,0.169,0.507,41.687,0.902,624.657,7907.328,46446.474,1737.156,2383.712,2001.906,61101.232,0.17,0.013,0.774,214419.84,-111.07116413044,55.9352657424219,34,36.1986750695219
"443","1697",181.549073208,"Boreal Plains","Alberta",0.129,0.036,0.613,45.476,0.903,61.748,782.092,4624.492,171.863,235.833,198.097,6074.125,0.169,0.013,0.774,21318.63,-110.108852738892,54.7492906431569,34,33.4572074242478
"444","700",3791.40045257,"Boreal Plains","Alberta",0.016,0.662,0.263,116.383,0.896,2171.477,27333.538,150028.884,5992.354,8221.757,6894.296,200642.307,0.182,0.014,0.774,703035.979,-110.2617088817,55.6385087007855,34,52.9203679511075
"445","352",4890.27419142,"Boreal Plains","Alberta",0.033,0.23,0.625,98.195,0.898,2499.547,31517.529,176721.045,6914.401,9487.191,7959.458,235099.171,0.178,0.014,0.774,824163.84,-110.035696887757,55.3489625937292,34,48.074844435611
"446","364",112751.019302,"Boreal Plains","Alberta",0.044,0.139,0.723,62.48,0.901,50351.018,636886.53,3707532.765,139887.451,191950.341,161180.052,4887788.157,0.172,0.014,0.774,17148954.36,-115.935080784823,55.0096129472126,34,43.3502791128497
"447","708",6030.03446907,"Boreal Plains","Alberta",0.011,0.285,0.507,57.114,0.902,2333.579,29528.208,172638.903,6486.416,8900.566,7474.417,227362.089,0.171,0.014,0.774,797784.905,-115.100343860046,53.6173030955655,34,37.7049401900128
"448","707",651.693410026,"Boreal Plains","Alberta",0.01,0.429,0.16,76.362,0.899,206.903,2610.623,14756.126,572.834,785.989,659.512,19591.987,0.177,0.014,0.774,68694.587,-114.779459677772,53.8089642374121,34,30.0631964334554
"449","706",13555.7127739,"Boreal Plains","Alberta",0.024,0.318,0.532,71.382,0.9,6121.154,77328.778,443526.221,16976.319,23293.909,19552.756,586799.137,0.174,0.014,0.774,2058131.257,-115.207883700161,55.0221492578485,34,43.2879588692537
"450","704",4972.05725602,"Boreal Plains","Alberta",0.03,0.377,0.473,93.284,0.898,2475.884,31217.769,174945.244,6848.385,9396.591,7883.233,232767.106,0.178,0.014,0.774,815980.59,-114.18031804871,55.1981233118517,34,46.8150493878914
"451","1690",193.5993443,"Boreal Plains","Alberta",0.01,0.497,0.283,79.426,0.899,82.173,1036.832,5860.519,227.509,312.167,261.938,7781.138,0.177,0.014,0.774,27282.64,-113.67127470399,54.5071068177232,34,40.1919646377645
"452","703",1903.78969927,"Boreal Plains","Alberta",0.015,0.483,0.407,73.154,0.9,898.602,11346.473,64695.98,2490.428,3417.183,2867.93,85716.597,0.175,0.014,0.774,300602.423,-113.096819075478,54.8264280118963,34,45.0241941286202
"453","1689",158.429680693,"Boreal Plains","Alberta",0.006,0.318,0.263,,0.925,15.763,205.556,1617.391,45.688,62.731,53.129,2000.258,0.127,0.01,0.744,7060.472,-111.839986864396,54.6279452679816,34,12.6255256669742
"454","2139",144.767309197,"Montane Cordillera","Alberta",0.01,0.11,0.351,21.714,0.91,24.566,313.515,2014.694,69.117,94.86,79.869,2596.621,0.156,0.012,0.753,9129.288,-113.843791838261,49.0737466923711,36,17.9365149107421
"455","702",711.130683723,"Semiarid Prairies","Alberta",0,0.908,0.005,61.523,,,,,,,,,,,,,-111.313341438951,51.9690853038441,37,
"456","726",15558.1856358,"Taiga Plains","British Columbia",0.013,0.166,0.762,91.464,0.909,5175.142,65952.444,417500.24,14542.05,19958.319,16806.189,539934.384,0.158,0.012,0.69,1897578.197,-123.455434583293,58.054057544138,38,34.7041998751827
"457","725",288.719098111,"Taiga Plains","British Columbia",0.179,0.335,0.293,89.945,0.907,74.691,950.368,5914.463,209.44,287.439,241.95,7678.35,0.161,0.013,0.69,26975.301,-123.876389195294,59.948289609767,38,26.5945344462388
"458","353",24286.6658752,"Taiga Plains","British Columbia",0.016,0.114,0.852,91.222,0.909,8487.358,108172.734,685385.945,23851.884,32735.694,27566.029,886199.644,0.158,0.012,0.69,3114575.955,-123.206649221711,59.3532118430201,38,36.4891438188282
"459","357",31834.5098715,"Taiga Plains","British Columbia",0.275,0.252,0.397,86.32,0.907,9242.688,117614.618,732699.5,25920.143,35573.308,29944.061,950994.319,0.161,0.013,0.69,3341076.217,-123.440524206004,59.7643364415506,38,29.8730630010856
"460","358",3280.15834325,"Taiga Plains","British Columbia",0.07,0.044,0.805,75.814,0.91,991.06,12652.978,81641.68,2791.71,3831.629,3228.003,105137.06,0.155,0.012,0.69,369649.196,-123.144908336715,59.6325446673051,38,32.0524343638331
"461","356",63591.0368312,"Taiga Plains","British Columbia",0.141,0.174,0.62,127.676,0.905,22901.167,290657.227,1758953.462,63992.316,87819.738,73869.675,2298193.586,0.165,0.013,0.69,8069092.638,-121.637603010648,58.5564369920309,38,36.1402125287007
"462","1472",155.742374625,"Taiga Plains","British Columbia",0.15,0.194,0.373,87.062,0.908,36.15,460.281,2885.149,101.458,139.244,117.227,3739.51,0.16,0.013,0.69,13139.562,-122.609273549627,59.664956510304,38,24.0108705739467
"463","836",896.702834019,"Taiga Plains","British Columbia",0.099,0.267,0.543,103.87,0.907,290.483,3694.28,22867.507,813.966,1117.089,940.16,29723.486,0.162,0.013,0.69,104411.765,-122.144758941112,59.2707987140861,38,33.1475321280965
"464","889",2874.08392235,"Taiga Plains","British Columbia",0.025,0.029,0.928,97.136,0.908,1035.534,13189.948,83023.914,2907.673,3990.607,3359.829,107507.505,0.159,0.012,0.69,377786.154,-121.863324698613,59.5844943985937,38,37.4058336167499
"465","355",55508.7269626,"Taiga Plains","British Columbia",0.06,0.246,0.66,97.756,0.908,19008.723,241982.663,1513823.962,53334.813,73198.18,61620.239,1962968.581,0.16,0.013,0.69,6897029.777,-121.571254160444,59.3277838543774,38,35.3632426541251
"466","778",4601.1595937,"Taiga Plains","British Columbia",0.092,0.098,0.763,100.254,0.907,1582.922,20144.86,125627.206,4439.527,6092.891,5128.699,163016.105,0.16,0.013,0.69,572731.181,-121.578182014825,59.7725905671581,38,35.4293524665402
"467","359",465633.386661,"Taiga Plains","British Columbia",0.043,0.045,0.876,81.753,0.91,153287.527,1955806.206,12536307.439,431421.516,592119.869,498754.107,16167696.664,0.156,0.012,0.69,56835785.756,-121.648135094086,57.4962542455712,38,34.7219446181395
"468","1388",121.480197365,"Taiga Plains","British Columbia",0.261,0.145,0.262,106.561,0.905,27.17,344.789,2083.282,75.909,104.173,87.624,2722.947,0.166,0.013,0.69,9560.067,-121.047063853719,57.9620598993973,38,22.414739678259
"469","360",27388.349098,"Taiga Plains","British Columbia",0.034,0.142,0.777,94.598,0.908,9318.566,118701.91,747721.569,26168.477,35914.755,30238.793,968064.071,0.159,0.012,0.69,3401867.409,-121.893779097066,58.013497311518,38,35.3458351044128
"470","891",662.400088269,"Taiga Plains","British Columbia",0.045,0.103,0.821,133.108,0.905,259.928,3300.331,20066.065,726.708,997.303,838.961,26189.295,0.164,0.013,0.69,91961.76,-121.739490328678,58.2294226818889,38,39.5369738981142
"471","1419",192.157571945,"Taiga Plains","British Columbia",0.155,0.387,0.375,53.072,0.912,47.398,606.76,4025.173,134.011,183.94,155.077,5152.358,0.151,0.012,0.69,18125.439,-121.067754252786,58.4460377383113,38,26.8131926722863
"472","354",328202.741875,"Taiga Plains","British Columbia",0.011,0.209,0.743,107.062,0.907,118054.306,1502027.74,9341455.228,330989.094,454253.648,382345.094,12129125.108,0.161,0.013,0.69,42611236.265,-120.532583413089,58.7173749928775,38,36.9561967663863
"473","310",265642.408689,"Taiga Plains","British Columbia",0.005,0.137,0.798,107.336,0.907,94270.513,1199538.762,7468123.499,264338.764,362782.361,305359.292,9694413.189,0.161,0.013,0.69,34058582.559,-120.782395972966,59.7744130744556,38,36.4942225785556
"474","697",1865.36997858,"Taiga Plains","British Columbia",0.088,0.18,0.671,135.119,0.905,697.196,8847.814,53485.213,1947.89,2673.178,2248.478,69899.769,0.165,0.013,0.69,245416.521,-120.02506012037,59.4666431095532,38,37.47233514137
"475","890",13047.6678994,"Boreal Plains","British Columbia",0.176,0.111,0.677,73.8,0.903,5336.76,67606.442,400522.7,14862.608,20395.093,17136.94,525860.543,0.169,0.013,0.716,1845637.1,-120.897211269059,57.2660398011552,39,40.3030294037589
"476","888",6705.10737599,"Boreal Plains","British Columbia",0.129,0.102,0.708,79.387,0.903,2757.254,34924.06,206559.222,7677.414,10535.248,8851.975,271305.174,0.169,0.013,0.716,952176.093,-120.13399289667,57.468279352954,39,40.4624652203936
"477","1483",112.352902811,"Boreal Plains","British Columbia",0.025,0.076,0.246,21.044,0.911,12.661,161.724,1048.685,35.661,48.943,41.215,1348.889,0.154,0.012,0.716,4743.419,-121.8507798717,55.8370579363505,39,12.0058224242688
"478","896",1193.50711938,"Boreal Plains","British Columbia",0.028,0.069,0.851,50.163,0.907,439.496,5591.671,34768.042,1231.288,1689.77,1421.522,45141.789,0.161,0.013,0.716,158601.274,-121.403323743858,55.6538460995823,39,37.8228066401901
"479","741",309.185662692,"Boreal Plains","British Columbia",0.127,0.111,0.441,40.999,0.907,74.983,953.648,5905.612,209.949,288.122,242.346,7674.659,0.161,0.013,0.716,26962.06,-121.933474781695,56.5466176427538,39,24.8221697383337
"480","895",27604.8661035,"Boreal Plains","British Columbia",0.091,0.191,0.437,87.437,0.902,8989.325,113745.349,664877.451,24994.942,34298.323,28809.969,875715.359,0.171,0.014,0.716,3072632.288,-121.254438226482,56.5643162532133,39,31.7232242937403
"481","1590",160.383896195,"Boreal Plains","British Columbia",0.022,0.338,0.263,45.282,0.906,37.815,480.699,2960.672,105.806,145.201,122.113,3852.305,0.162,0.013,0.716,13532.099,-121.055181318783,56.7154762971663,39,24.0192755718831
"482","736",193.806449126,"Boreal Plains","British Columbia",0.004,0.166,0.036,59.159,0.904,16.32,206.952,1239.923,45.509,62.45,52.484,1623.639,0.167,0.013,0.716,5700.02,-120.260277367593,56.1292787693868,39,8.37763143240099
"483","797",20829.3672613,"Boreal Plains","British Columbia",0.092,0.048,0.828,52.348,0.906,7813.984,99336.425,612211.443,21867.081,30009.015,25239.391,796477.34,0.162,0.013,0.716,2797820.075,-120.624586538346,55.1762355301677,39,38.2381917803052
"484","737",3279.36453925,"Boreal Plains","British Columbia",0.227,0.144,0.454,53.198,0.904,1017.703,12909.587,77655.315,2839.295,3896.289,3274.902,101593.09,0.166,0.013,0.716,356686.889,-120.089097373665,55.3588948876995,39,30.9795049571508
"485","723",4073.85912903,"Boreal Plains","British Columbia",0.026,0.262,0.583,55.624,0.906,1420.767,18049.769,110430.654,3972.247,5451.186,4583.871,143908.494,0.163,0.013,0.716,505435.673,-120.07178155271,56.3039425368114,39,35.3248576943958
"486","1446",300.64748753,"Boreal Cordillera","British Columbia",0.245,0.16,0.294,72.29,0.904,99.569,1262.525,7559.459,277.658,381.022,320.241,9900.475,0.167,0.013,0.733,34756.089,-126.676728806516,56.7919678247099,40,32.9305096854072
"487","783",1125.03391807,"Boreal Cordillera","British Columbia",0.085,0.228,0.605,81.101,0.905,544.403,6913.296,42097.697,1521.322,2087.73,1755.476,54919.923,0.164,0.013,0.733,192868.286,-132.850806403865,59.466712405885,40,48.8162375532778
"488","784",2110.69194875,"Boreal Cordillera","British Columbia",0.026,0.058,0.871,120.206,0.903,1258.999,15953.394,94806.435,3507.772,4813.554,4045.065,124385.219,0.168,0.013,0.733,436586.932,-134.278701622406,59.7304590232614,40,58.9310150510897
"489","731",621.061668433,"Boreal Cordillera","British Columbia",0.041,0.097,0.805,72.161,0.907,301.253,3833.901,23912.039,844.405,1158.841,975.027,31025.465,0.16,0.013,0.733,109010.789,-128.992625604644,57.3514380335809,40,49.9555303071277
"490","730",13456.6104016,"Boreal Cordillera","British Columbia",0.174,0.111,0.58,91.849,0.904,6317.771,80091.307,478390.854,17612.972,24169.669,20313.311,626895.884,0.167,0.013,0.733,2200625.113,-127.622176705523,57.4532058231132,40,46.5864631055575
"491","837",49732.6361641,"Boreal Cordillera","British Columbia",0.105,0.14,0.655,131.632,0.902,28102.958,355497.521,2071187.079,78112.526,107186.386,90029.414,2730115.885,0.172,0.014,0.733,9578465.01,-129.395207840279,59.6475121049988,40,54.8958610597594
"492","782",1249.92414909,"Boreal Cordillera","British Columbia",0.038,0.101,0.737,121.228,0.903,682.059,8639.382,51115.136,1899.302,2606.304,2189.958,67132.141,0.169,0.013,0.733,235608.527,-127.671391455153,58.753953967497,40,53.708971899515
"493","1515",7301.78065824,"Boreal Cordillera","British Columbia",0.071,0.137,0.641,97.05,0.904,3521.79,44667.415,268240.785,9824.74,13482.284,11332.716,351069.731,0.167,0.013,0.733,1232520.548,-127.972599756177,59.2458260595974,40,48.0800160168904
"494","1464",22393.4592718,"Boreal Cordillera","British Columbia",0.023,0.027,0.76,117.596,0.904,11266.251,142794.881,850948.71,31400.228,43089.299,36212.595,1115711.964,0.168,0.013,0.733,3916337.42,-127.626196896304,59.1301861325529,40,49.8231180121872
"495","781",4157.29140376,"Boreal Cordillera","British Columbia",0.353,0.139,0.441,83.555,0.903,1942.703,24602.359,145212.238,5408.039,7421.098,6235.103,190821.539,0.169,0.013,0.733,669679.188,-125.891493880884,57.6183052978073,40,45.9004482648039
"496","780",124.692992655,"Boreal Cordillera","British Columbia",0.021,0.002,0.96,86.543,0.906,68.256,867.609,5339.524,190.999,262.116,220.465,6948.971,0.162,0.013,0.733,24408.912,-127.756349504094,59.9433473869111,40,55.7286408164602
"497","779",11259.5211262,"Boreal Cordillera","British Columbia",0.063,0.025,0.895,92.189,0.905,6247.496,79327.824,482496.086,17456.295,23955.477,20142.738,629625.916,0.164,0.013,0.733,2211066.231,-126.774805158322,59.5651583854783,40,55.9194222332343
"498","1437",192.871953156,"Boreal Cordillera","British Columbia",0.125,0.113,0.015,96.137,0.899,24.611,310.52,1754.127,68.157,93.52,78.489,2329.423,0.177,0.014,0.733,8167.131,-123.931612501371,57.9150993598501,40,12.0775621436047
"499","727",687.37760417,"Boreal Cordillera","British Columbia",0.452,0.082,0.031,102.519,0.896,189.881,2389.228,13052.384,523.859,718.761,602.768,17476.879,0.183,0.015,0.733,61229.098,-123.876893761903,58.2137031022478,40,25.4254414080062
"500","729",21786.9585997,"Boreal Cordillera","British Columbia",0.024,0.148,0.767,66.598,0.908,10230.069,130291.547,819286.149,28704.637,39394.134,33152.479,1061059.014,0.159,0.012,0.733,3728768.931,-124.577868135031,57.3129779452551,40,48.701566542409
"501","728",319.230703966,"Boreal Cordillera","British Columbia",0.178,0.152,0.264,101.392,0.901,103.705,1311.681,7630.186,288.191,395.456,332.139,10061.358,0.172,0.014,0.733,35298.614,-123.609695034894,57.6547145729674,40,31.5175134315138
"502","831",328.83865646,"Pacific Maritime","British Columbia",0.139,0.365,0.452,69.858,0.906,175.378,2228.187,13642.407,490.419,673.015,565.983,17775.389,0.163,0.013,0.68,62431.087,-126.298338270681,49.608280207269,41,54.0550469076685
"503","1336",127.351473258,"Pacific Maritime","British Columbia",0.25,0.295,0.171,78.359,0.901,50.154,634.182,3677.24,139.315,191.167,160.541,4852.6,0.172,0.014,0.68,17023.437,-126.119021989799,49.6081377439351,41,38.1039957831439
"504","879",144.512680705,"Pacific Maritime","British Columbia",0.047,0.253,0.659,40.033,0.914,65.221,836.248,5636.849,184.724,253.549,213.787,7190.377,0.148,0.012,0.68,25304.404,-126.132896703797,50.1385320179048,41,49.7560280864074
"505","878",1291.26129123,"Pacific Maritime","British Columbia",0.224,0.508,0.185,77.368,0.901,656.817,8307.209,48302.563,1825.045,2504.316,2103.227,63699.178,0.172,0.014,0.68,223477.574,-125.708008032074,49.7506342001111,41,49.3309746312637
"506","1339",125.348904513,"Pacific Maritime","British Columbia",0.211,0.163,0.253,86.18,0.902,46.339,586.448,3435.343,128.879,176.85,148.559,4522.417,0.171,0.013,0.68,15868.592,-125.766288021062,49.9407839018641,41,36.0786320197236
"507","830",227.503092706,"Pacific Maritime","British Columbia",0.069,0.697,0.141,59.197,0.904,103.755,1316.306,7929.818,289.526,397.31,333.964,10370.678,0.166,0.013,0.68,36411.867,-126.03857569367,50.3683190230603,41,45.5847781084977
"508","777",200.366452458,"Pacific Maritime","British Columbia",0.312,0.217,0.385,85.842,0.902,107.952,1366.485,8023.572,300.326,412.114,346.209,10556.659,0.17,0.013,0.68,37043.871,-124.606280157028,49.2790214845267,41,52.6867590382319
"509","827",202.837834563,"Pacific Maritime","British Columbia",0.305,0.383,0.171,79.237,0.9,95.666,1208.943,6960.521,265.512,364.328,305.906,9200.877,0.174,0.014,0.68,32272.673,-125.140751843717,51.038050225698,41,45.3607534305552
"510","824",121.297946206,"Pacific Maritime","British Columbia",0.09,0.213,0.688,84.826,0.906,76.003,965.755,5921.762,212.58,291.731,245.353,7713.184,0.163,0.013,0.68,27091.133,-124.340493787409,50.526546281044,41,63.5887435958785
"511","875",116.793693778,"Pacific Maritime","British Columbia",0.111,0.255,0.558,67.878,0.908,60.644,771.888,4820.842,170.016,233.327,196.326,6253.043,0.16,0.013,0.68,21971.239,-123.792373564357,49.9406500156944,41,53.5392177242524
"512","874",178.807769712,"Pacific Maritime","British Columbia",0.065,0.138,0.79,69.609,0.909,104.283,1329.722,8466.6,293.102,402.262,338.653,10934.621,0.157,0.012,0.68,38436.212,-123.552914490189,49.7105858099872,41,61.152941047316
"513","1301",128.093297554,"Pacific Maritime","British Columbia",0.337,0.135,0.254,73.393,0.903,49.179,622.723,3669.906,136.878,187.828,157.804,4824.318,0.17,0.013,0.68,16930.16,-124.996546812113,51.140700036847,41,37.6625326392759
"514","1302",181.780433557,"Pacific Maritime","British Columbia",0.469,0.158,0.086,110.327,0.894,78.668,988.791,5328.762,216.705,297.323,249.26,7159.509,0.186,0.015,0.68,25075.155,-125.024495170722,51.1705862670021,41,39.3854765329021
"515","877",133.231865485,"Pacific Maritime","British Columbia",0.031,0.149,0.806,54.829,0.912,70.507,902.057,5947.548,199.096,273.265,230.273,7622.746,0.152,0.012,0.68,26813.914,-125.817566625576,51.7340491757878,41,57.2141354641485
"516","876",267.895948499,"Pacific Maritime","British Columbia",0.22,0.322,0.425,84.127,0.903,154.795,1961.226,11637.353,431.191,591.7,497.204,15273.47,0.169,0.013,0.68,53607.683,-126.053622047558,52.2866689558901,41,57.0126949869009
"517","828",933.891401215,"Pacific Maritime","British Columbia",0.175,0.34,0.418,84.43,0.903,525.503,6659.425,39610.102,1464.245,2009.315,1688.522,51957.111,0.168,0.013,0.68,182371.501,-127.572916541548,53.1088612035493,41,55.6350673455215
"518","826",1672.88389512,"Pacific Maritime","British Columbia",0.298,0.223,0.423,80.438,0.903,909.375,11523.887,68533.733,2533.833,3477.062,2921.949,89899.84,0.168,0.013,0.68,315550.608,-126.633222347635,52.8082056075345,41,53.7394377830096
"519","906",2737.30911925,"Pacific Maritime","British Columbia",0.2,0.25,0.443,80.31,0.904,1438.498,18245.757,109643.775,4013.269,5507.329,4629.308,143477.935,0.166,0.013,0.68,503723.886,-126.431220614904,52.7130450062066,41,52.4156858978761
"520","1366",121.184180822,"Pacific Maritime","British Columbia",0.656,0.1,0.042,96.491,0.893,52.616,660.83,3526.266,144.782,198.641,166.491,4749.625,0.187,0.015,0.68,16631.14,-126.080226502613,52.3307611238557,41,39.1934406601835
"521","887",256.193234788,"Pacific Maritime","British Columbia",0.042,0.062,0.882,73.911,0.909,154.718,1973.29,12596.294,435.006,597.02,502.654,16258.982,0.157,0.012,0.68,57154.76,-126.947199985668,53.4272233861271,41,63.4637445186807
"522","873",354.936355603,"Pacific Maritime","British Columbia",0.173,0.377,0.392,81.11,0.903,197.208,2499.444,14889.119,549.591,754.18,633.793,19523.336,0.168,0.013,0.68,68529.976,-127.41855625134,55.0106294041422,41,55.0051740031868
"523","1325",108.040684963,"Pacific Maritime","British Columbia",0.372,0.172,0.215,73.832,0.902,42.877,542.388,3160.049,119.172,163.528,137.348,4165.362,0.172,0.014,0.68,14614.031,-128.258756840662,55.0767561933843,41,38.5536430227787
"524","775",184.083099658,"Pacific Maritime","British Columbia",0.16,0.141,0.623,65.163,0.908,93.73,1194.244,7542.052,263.156,361.158,303.979,9758.32,0.158,0.012,0.68,34295.607,-128.850043496585,54.9479662623991,41,53.0104068115409
"525","864",258.71388462,"Pacific Maritime","British Columbia",0.131,0.287,0.57,82.194,0.905,156.141,1982.256,12032.663,436.167,598.555,503.261,15709.043,0.165,0.013,0.68,55163.357,-121.385960312542,49.1857105442446,41,60.7197523359579
"526","862",981.775067469,"Pacific Maritime","British Columbia",0.221,0.24,0.476,134.792,0.899,686.979,8670.372,49165.436,1903.377,2611.697,2192.185,65230.046,0.176,0.014,0.68,228719.848,-121.257150336803,49.1134067189186,41,66.4409274195178
"527","821",223.993626548,"Pacific Maritime","British Columbia",0.053,0.156,0.768,80.159,0.908,137.061,1744.492,10892.468,384.25,527.337,443.718,14129.326,0.16,0.013,0.68,49645.606,-123.984341778907,50.6660682870147,41,63.0791429995094
"528","871",1461.98408237,"Pacific Maritime","British Columbia",0.174,0.256,0.349,100.483,0.901,742.33,9388.732,54590.278,2062.768,2830.526,2377.29,71991.923,0.172,0.014,0.68,252569.432,-123.458841065494,50.6957350488442,41,49.2426175278838
"529","819",277.941630947,"Pacific Maritime","British Columbia",0.067,0.312,0.486,72.094,0.907,139.205,1770.078,10937.175,389.723,534.837,449.891,14220.908,0.162,0.013,0.68,49956.587,-123.289458669269,50.7118675523378,41,51.1650879774529
"530","1365",180.404639674,"Pacific Maritime","British Columbia",0.504,0.157,0.101,94.928,0.896,77.323,973.14,5330.074,213.382,292.772,245.535,7132.226,0.183,0.015,0.68,24988.819,-122.236298029322,49.3076820411664,41,39.5346040594537
"531","816",102.498568274,"Pacific Maritime","British Columbia",0.255,0.256,0.174,68.67,0.903,36.135,457.568,2697.664,100.574,138.01,115.948,3545.899,0.17,0.013,0.68,12443.914,-122.025373995785,49.3607872145108,41,34.5946198050403
"532","869",408.285561965,"Pacific Maritime","British Columbia",0.061,0.177,0.634,123.872,0.902,268.837,3403.535,20019.92,748.096,1026.559,862.449,26329.396,0.17,0.013,0.68,92394.482,-122.659359035367,50.4178974308955,41,64.487697956503
"533","868",740.510893327,"Pacific Maritime","British Columbia",0.26,0.334,0.253,77.107,0.902,347.57,4399.528,25824.783,966.887,1326.78,1114.567,33980.116,0.17,0.013,0.68,119237.679,-121.985302239381,49.4993287099369,41,45.8873951837935
"534","762",1167.76978586,"Montane Cordillera","British Columbia",0.28,0.476,0.058,115.756,0.897,408.12,5139.928,28397.677,1127.097,1546.442,1296.983,37916.246,0.181,0.014,0.717,132874.946,-123.46276414201,52.0757239167313,42,32.4689390486985
"535","812",1117.63485268,"Montane Cordillera","British Columbia",0.033,0.264,0.686,94.786,0.903,486.734,6164.443,36415.516,1354.814,1859.105,1561.791,47842.404,0.169,0.013,0.717,167907.783,-123.594740437878,52.0537072944744,42,42.8068289793198
"536","905",14840.6829921,"Montane Cordillera","British Columbia",0.031,0.164,0.75,75.213,0.905,5771.766,73254.955,443367.815,16113.599,22112.422,18587.685,579208.243,0.165,0.013,0.717,2033850.636,-124.989044870484,51.6414922504023,42,39.0284088210984
"537","761",1276.63015528,"Montane Cordillera","British Columbia",0.176,0.306,0.433,109.742,0.9,519.805,6564.857,37526.407,1441.194,1977.521,1659.903,49689.687,0.175,0.014,0.717,174265.862,-123.45938583475,52.1941524881542,42,38.922538994155
"538","855",1961.12971573,"Montane Cordillera","British Columbia",0.264,0.267,0.333,102.827,0.899,717.872,9059.56,51323.899,1988.256,2728.123,2289.44,68107.15,0.177,0.014,0.717,238810.166,-122.920438452765,52.8099562586177,42,34.728528895218
"539","825",1200.99043935,"Montane Cordillera","British Columbia",0.213,0.157,0.493,104.645,0.9,451.93,5708.799,32712.416,1253.369,1719.806,1443.671,43289.99,0.175,0.014,0.717,151829.663,-125.730518403935,52.0794781041009,42,36.0452411456576
"540","818",5894.0043845,"Montane Cordillera","British Columbia",0.145,0.372,0.419,100.3,0.901,2398.882,30319.751,174896.723,6658.158,9136.074,7670.391,231079.979,0.173,0.014,0.717,810578.9,-124.702957616498,52.5364669539147,42,39.2059394471596
"541","822",3882.13486122,"Montane Cordillera","British Columbia",0.236,0.218,0.474,113.687,0.899,1604.095,20247.663,114976.682,4444.033,6097.767,5117.563,152487.803,0.176,0.014,0.717,534708.969,-125.685303435257,52.3001101418352,42,39.2793677837558
"542","755",1158.29642041,"Montane Cordillera","British Columbia",0.264,0.257,0.291,101.276,0.899,394.827,4981.978,28172.499,1093.302,1500.135,1258.856,37401.597,0.177,0.014,0.717,131139.292,-123.394962181523,53.0358428566425,42,32.2901774890757
"543","1188",151.467047791,"Montane Cordillera","British Columbia",0.05,0.392,0.22,80.18,0.903,40.877,517.593,3049.87,113.744,156.081,131.11,4009.275,0.17,0.013,0.717,14070.219,-125.428714473451,52.4471498406021,42,26.4696186957585
"544","1177",211.035762442,"Montane Cordillera","British Columbia",0.156,0.221,0.333,73.888,0.903,57.957,733.851,4323.53,161.267,221.293,185.889,5683.788,0.17,0.013,0.717,19946.711,-123.165921588064,52.0391980703577,42,26.93281903612
"545","1228",110.541941351,"Montane Cordillera","British Columbia",0.117,0.214,0.302,,0.942,5.917,80.155,828.893,18.091,24.86,21.284,979.2,0.097,0.007,0.677,3471.833,-122.620125905874,51.9826446941377,42,8.85817625448408
"546","835",2498.37959666,"Montane Cordillera","British Columbia",0.211,0.226,0.47,96.067,0.901,959.487,12126.345,69900.005,2662.865,3653.878,3067.645,92370.225,0.173,0.014,0.717,324009.743,-126.657859240202,53.8166572148784,42,36.9720538558219
"547","763",6991.86138518,"Montane Cordillera","British Columbia",0.179,0.233,0.552,115.006,0.9,3064.676,38708.198,221469.773,8497.977,11660.439,9787.865,293188.928,0.175,0.014,0.717,1028258.229,-125.533583990163,54.225428044381,42,41.9328862299023
"548","884",9144.05611231,"Montane Cordillera","British Columbia",0.047,0.273,0.614,106.841,0.902,3908.45,49447.418,288511.525,10862.869,14905.931,12518.235,380154.428,0.171,0.014,0.717,1333832.045,-126.379306966825,54.0392737067725,42,41.5739386691017
"549","768",141.058838821,"Montane Cordillera","British Columbia",0.57,0.242,0.068,97.678,0.895,47.112,592.285,3200.082,129.784,178.064,149.261,4296.588,0.185,0.015,0.717,15049.529,-126.102809616092,54.1645329771472,42,30.4595446546406
"550","882",6200.62671864,"Montane Cordillera","British Columbia",0.308,0.249,0.35,118.942,0.898,2480.221,31266.011,174774.835,6858.799,9410.868,7895.069,232685.803,0.179,0.014,0.717,815644.027,-125.388215786975,54.3967731568761,42,37.5261749430122
"551","860",155.08599651,"Montane Cordillera","British Columbia",0.053,0.414,0.499,137.417,0.9,73.157,923.795,5271.223,202.791,278.257,233.555,6982.778,0.175,0.014,0.717,24488.209,-125.162224612897,54.4728054074724,42,45.0251999351195
"552","857",5361.64386866,"Montane Cordillera","British Columbia",0.388,0.353,0.171,84.326,0.899,1862.399,23493.29,132395.113,5154.968,7073.156,5934.957,175913.882,0.177,0.014,0.717,616751.804,-124.962808479533,54.5324125216758,42,32.8096916373457
"553","1183",121.900989606,"Montane Cordillera","British Columbia",0.655,0.214,0.045,101.825,0.893,42.16,529.486,2824.059,115.976,159.116,133.339,3804.135,0.187,0.015,0.717,13320.702,-125.128478700097,54.6274496642207,42,31.2067606037938
"554","773",194.472753525,"Montane Cordillera","British Columbia",0.169,0.202,0.502,87.161,0.902,70.344,890.079,5201.942,195.547,268.329,225.355,6851.596,0.171,0.014,0.717,24040.792,-126.917252363638,54.1096277533802,42,35.2316500682406
"555","859",1327.550918,"Montane Cordillera","British Columbia",0.241,0.349,0.32,104.231,0.899,518.043,6538.516,37096.483,1435.044,1969.055,1652.488,49209.629,0.176,0.014,0.717,172553.773,-125.189100753735,54.7406050952719,42,37.0679785858127
"556","872",947.980156443,"Montane Cordillera","British Columbia",0.201,0.266,0.469,88.532,0.901,366.653,4636.901,26933.878,1018.494,1397.556,1173.551,35527.033,0.172,0.014,0.717,124640.146,-126.724591465524,54.3165483889558,42,37.4765576668863
"557","769",1639.56835565,"Montane Cordillera","British Columbia",0.308,0.279,0.227,93.938,0.899,537.097,6775.538,38204.302,1486.75,2039.98,1711.745,50755.413,0.177,0.014,0.717,177949.807,-126.404688123443,54.4241620853336,42,30.9565702613712
"558","832",699.101458542,"Montane Cordillera","British Columbia",0.088,0.135,0.723,69.514,0.905,260.899,3311.76,20074.215,728.512,999.727,840.401,26215.513,0.165,0.013,0.717,92056.985,-127.036963888866,53.5177913458549,42,37.4988675530349
"559","886",576.247502095,"Montane Cordillera","British Columbia",0.006,0.094,0.898,70.242,0.906,233.771,2970.308,18201.849,653.659,897.026,754.285,23710.898,0.163,0.013,0.717,83281.161,-126.719000448902,53.299186750979,42,41.1470729396603
"560","823",254.217222668,"Montane Cordillera","British Columbia",0.29,0.477,0.159,86.388,0.899,92.696,1170.197,6654.539,256.846,352.425,295.778,8822.481,0.176,0.014,0.717,30937.708,-126.191000543101,52.8221534466395,42,34.7044976237581
"561","774",3032.15380371,"Montane Cordillera","British Columbia",0.151,0.217,0.525,109.106,0.9,1216.159,15368.024,88433.933,3374.537,4630.394,3887.336,116910.383,0.174,0.014,0.717,410074.259,-125.860795092818,52.5099873516112,42,38.556877575588
"562","1582",234.834791858,"Montane Cordillera","British Columbia",0.193,0.061,0.256,100.025,0.899,49.808,628.576,3560.441,137.95,189.284,158.847,4724.907,0.177,0.014,0.717,16567.297,-126.624635367646,53.5363349794595,42,20.1201319558179
"563","907",33253.5670379,"Montane Cordillera","British Columbia",0.229,0.331,0.309,67.497,0.902,10639.617,134709.547,793036.733,29602.022,40620.23,34120.517,1042728.666,0.17,0.013,0.717,3659299.675,-125.958291855178,53.074684303221,42,31.3568966845444
"564","772",3160.98785493,"Montane Cordillera","British Columbia",0.226,0.293,0.419,105.01,0.9,1286.073,16239.517,92631.744,3564.828,4891.426,4105.576,122719.165,0.175,0.014,0.717,430366.171,-125.558656241967,52.7796275712251,42,38.8230422361802
"565","820",4792.03549803,"Montane Cordillera","British Columbia",0.134,0.114,0.7,106.587,0.901,2051.676,25947.097,150746.612,5699.385,7820.587,6567.17,198832.527,0.172,0.014,0.717,697569.84,-126.107995222576,53.4342909450332,42,41.4922900887817
"566","904",12402.7367472,"Montane Cordillera","British Columbia",0.416,0.209,0.252,103.97,0.897,4438.243,55910.279,309878.938,12261.487,16823.572,14110.858,413423.376,0.18,0.014,0.717,1448916.314,-125.58545410268,52.9707639978946,42,33.3332380124357
"567","771",256.049136324,"Montane Cordillera","British Columbia",0.192,0.218,0.42,67.571,0.903,79.47,1007.006,5984.391,221.361,303.759,255.217,7851.204,0.168,0.013,0.717,27558.212,-125.442900686277,52.9062825784629,42,30.6628802296182
"568","885",10089.1558559,"Montane Cordillera","British Columbia",0.279,0.259,0.387,105.573,0.899,4002.37,50508.83,286061.822,11084.842,15209.711,12763.915,379631.491,0.177,0.014,0.717,1331127.216,-126.043105856147,53.7068530556642,42,37.6276763311171
"569","770",937.511911837,"Montane Cordillera","British Columbia",0.217,0.474,0.228,97.299,0.899,360.912,4556.677,25948.22,1000.195,1372.398,1151.854,34390.256,0.176,0.014,0.717,120599.538,-125.033019791212,52.7193478857384,42,36.68247364731
"570","883",19815.5407031,"Montane Cordillera","British Columbia",0.2,0.221,0.373,102.64,0.9,6779.779,85621.322,489185.136,18796.251,25791.072,21648.381,647821.94,0.175,0.014,0.717,2271940.249,-125.555753923155,53.4902143993704,42,32.69261988388
"571","1362",105.166817087,"Montane Cordillera","British Columbia",0.22,0.119,0.425,105.853,0.9,34.811,439.548,2505.714,96.486,132.392,111.121,3320.072,0.175,0.014,0.717,11643.061,-125.754313426535,52.8214977382572,42,31.5695776668172
"572","861",6384.00604888,"Montane Cordillera","British Columbia",0.274,0.235,0.366,104.705,0.899,2381.544,30053.455,170143.832,6595.548,9049.864,7594.528,225818.771,0.177,0.014,0.717,791796.527,-125.76843572858,54.8738636451375,42,35.3725809892704
"573","880",1303.19656728,"Montane Cordillera","British Columbia",0.072,0.082,0.809,115.473,0.902,591.318,7480.06,43578.994,1643.188,2254.763,1893.525,57441.848,0.172,0.014,0.717,201537.09,-125.590535961132,55.0570197568408,42,44.0776544707229
"574","803",12117.6736401,"Montane Cordillera","British Columbia",0.286,0.249,0.374,104.762,0.899,4691.661,59202.85,334984.006,12992.448,17827.141,14960.101,444658.208,0.177,0.014,0.717,1559102.094,-124.79770746728,55.3279590036091,42,36.6950143407502
"575","1384",205.993735661,"Montane Cordillera","British Columbia",0.309,0.393,0.132,98.523,0.898,70.033,882.888,4937.746,193.678,265.744,222.941,6573.03,0.179,0.014,0.717,23041.038,-125.901180465055,55.0381647333441,42,31.9088829517472
"576","804",334.507947054,"Montane Cordillera","British Columbia",0.317,0.209,0.254,115.101,0.897,111.976,1410.804,7832.495,309.417,424.542,356.102,10445.337,0.18,0.014,0.717,36608.92,-125.337532293896,55.3261370226443,42,31.2259756217804
"577","870",357.762142343,"Montane Cordillera","British Columbia",0.141,0.246,0.56,91.765,0.902,144.324,1826.189,10674.475,401.21,550.538,462.37,14059.106,0.171,0.014,0.717,49330.558,-126.751669264623,55.0704693663227,42,39.2973552425818
"578","815",471.761123446,"Montane Cordillera","British Columbia",0.38,0.271,0.226,99.682,0.898,167.89,2116.008,11798.886,464.144,636.843,534.231,15718.002,0.179,0.014,0.717,55094.023,-126.721089768873,55.3778901461628,42,33.3177136029929
"579","814",2046.79856785,"Montane Cordillera","British Columbia",0.229,0.22,0.382,94.628,0.9,708.614,8951.847,51337.353,1965.421,2696.849,2263.872,67923.956,0.174,0.014,0.717,238232.084,-126.724312862788,55.6433865897837,42,33.1854619535662
"580","809",541.388576782,"Montane Cordillera","British Columbia",0.299,0.094,0.517,103.15,0.899,210.039,2651.801,15098.44,582.079,798.689,670.346,20011.395,0.176,0.014,0.717,70175.455,-126.376538481911,55.7688927254658,42,36.9630905752523
"581","808",4209.23602487,"Montane Cordillera","British Columbia",0.36,0.195,0.349,96.962,0.899,1549.928,19552.632,110257.493,4290.455,5886.964,4939.777,146477.248,0.177,0.014,0.717,513553.585,-126.365422399013,55.893352989961,42,34.7990103511774
"582","817",226.138340728,"Montane Cordillera","British Columbia",0.361,0.147,0.155,91.505,0.897,57.443,723.586,4006.899,158.681,217.721,182.61,5346.94,0.181,0.014,0.717,18738.958,-127.257864627152,55.7286137521953,42,23.6445530766113
"583","766",4139.07121233,"Montane Cordillera","British Columbia",0.09,0.289,0.579,115.233,0.901,1838.104,23232.823,134072.099,5101.995,7000.773,5877.747,177123.541,0.173,0.014,0.717,621316.388,-124.905127493455,53.1998545756424,42,42.7930644131856
"584","908",25169.2336841,"Montane Cordillera","British Columbia",0.2,0.375,0.354,104.113,0.9,10134.355,127972.696,730243.874,28092.277,38546.42,32353.828,967343.451,0.175,0.014,0.717,3392424.654,-125.185172615543,53.5987334679957,42,38.4335678686592
"585","765",240.858403665,"Montane Cordillera","British Columbia",0.404,0.279,0.08,100.902,0.896,72.605,913.728,5002.218,200.305,274.825,230.442,6694.124,0.183,0.015,0.717,23454.28,-124.625894412059,52.9716642034783,42,27.7927774083838
"586","760",600.175963911,"Montane Cordillera","British Columbia",0.266,0.256,0.329,146.664,0.897,239.829,3020.958,16725.234,662.5,908.993,762.409,22319.922,0.181,0.014,0.717,78222.146,-124.796773950558,53.9762742740923,42,37.1889634742351
"587","807",3973.26702194,"Montane Cordillera","British Columbia",0.212,0.286,0.378,137.859,0.898,1635.718,20622.878,115471.695,4524.285,6207.731,5208.079,153670.386,0.179,0.014,0.717,538687.418,-124.384632634687,53.7612461514928,42,38.6760781874077
"588","759",682.040679965,"Montane Cordillera","British Columbia",0.317,0.188,0.179,127.722,0.896,203.539,2561.362,14011.5,561.489,770.384,645.966,18754.24,0.183,0.015,0.717,65708.188,-124.317210319744,53.6811491884277,42,27.4972454736313
"589","1263",148.19689762,"Montane Cordillera","British Columbia",0.146,0.34,0.351,84.812,0.902,50.727,641.745,3742.779,140.978,193.448,162.458,4932.136,0.171,0.014,0.717,17305.046,-124.508431274038,53.9509743453072,42,33.2809666005747
"590","903",32827.8128545,"Montane Cordillera","British Columbia",0.255,0.271,0.359,94.275,0.9,12012.037,151707.904,867360.677,33304.693,45698.716,38358.872,1148442.899,0.175,0.014,0.717,4027703.896,-124.084530942916,53.5509022559173,42,34.9838383717535
"591","757",7026.62565596,"Montane Cordillera","British Columbia",0.246,0.229,0.33,114.959,0.898,2488.806,31390.666,176596.276,6887.589,9450.475,7929.515,234743.326,0.178,0.014,0.717,822973.503,-123.658458747361,53.161595901259,42,33.4076891944415
"592","805",1957.78477372,"Montane Cordillera","British Columbia",0.224,0.298,0.356,113.698,0.899,761.777,9612.229,54358.854,2109.431,2894.38,2428.864,72165.534,0.177,0.014,0.717,253030.447,-123.813315550162,53.4696894632016,42,36.8608107329785
"593","756",3756.82732612,"Montane Cordillera","British Columbia",0.204,0.326,0.33,115.129,0.899,1440.025,18170.339,102746.083,3987.516,5471.327,4591.334,136406.624,0.177,0.014,0.717,478274.78,-123.634492174638,53.2732631759426,42,36.3089948403029
"594","754",533.567000633,"Montane Cordillera","British Columbia",0.228,0.224,0.389,147.094,0.897,213.39,2689.318,14984.738,589.895,809.383,678.967,19965.691,0.179,0.014,0.717,69981.546,-124.267635483293,54.2251049470691,42,37.4192762601765
"595","753",170.316812116,"Montane Cordillera","British Columbia",0.298,0.315,0.25,95.361,0.899,59.852,755.202,4269.299,165.728,227.397,190.821,5668.298,0.177,0.014,0.717,19874.342,-123.333457218199,53.3912374147566,42,33.2809070906013
"596","863",1055.27101139,"Montane Cordillera","British Columbia",0.129,0.365,0.466,99.827,0.901,442.613,5595.926,32394.917,1229.005,1686.405,1415.984,42764.849,0.173,0.014,0.717,150021.603,-122.07598479348,50.1743018046147,42,40.5249917210085
"597","811",915.473906235,"Montane Cordillera","British Columbia",0.094,0.406,0.45,78.919,0.903,353.136,4473.325,26485.641,983.207,1349.182,1133.471,34777.963,0.169,0.013,0.717,122062.99,-122.0226238682,50.3654123708655,42,37.9890270636207
"598","810",117.925175879,"Montane Cordillera","British Columbia",0.071,0.19,0.576,113.571,0.901,45.858,579.86,3362.14,127.36,174.76,146.743,4436.721,0.172,0.014,0.717,15564.8,-121.593906270266,49.8873720515869,42,37.6231874739997
"599","858",12051.8319478,"Montane Cordillera","British Columbia",0.205,0.173,0.59,145.247,0.899,5635.319,71085.63,400511.527,15598.193,21402.38,17958.661,532191.711,0.177,0.014,0.717,1865841.237,-121.582312664797,50.0329938778705,42,44.158573842141
"600","856",6018.49004327,"Montane Cordillera","British Columbia",0.233,0.236,0.422,142.485,0.898,2536.405,31973.558,178681.315,7013.991,9623.803,8073.688,237902.761,0.179,0.014,0.717,833925.611,-121.748030566277,50.3405863883951,42,39.5286457715466
"601","1535",121.795516405,"Montane Cordillera","British Columbia",0.068,0.148,0.607,34.372,0.91,31.822,406.336,2626.121,89.594,122.963,103.543,3380.378,0.155,0.012,0.717,11886.335,-121.905454683729,50.4468756292853,42,27.7545356329819
"602","1502",109.232333456,"Montane Cordillera","British Columbia",0.246,0.252,0.374,88.08,0.9,38.596,487.744,2808.48,107.101,146.959,123.377,3712.255,0.174,0.014,0.717,13021.289,-121.268073271202,49.9398296659211,42,33.9849464215221
"603","1563",476.108647583,"Montane Cordillera","British Columbia",0.31,0.394,0.206,,0.942,31.451,425.798,4386.081,96.081,132.025,113.017,5184.452,0.097,0.007,0.684,18380.824,-122.042940693595,50.2985572132853,42,10.8892204044586
"604","865",174.298650966,"Montane Cordillera","British Columbia",0.086,0.168,0.603,59.39,0.906,55.646,707.117,4338.436,155.616,213.555,179.576,5649.946,0.163,0.013,0.717,19845.173,-122.936478826668,51.1397764628143,42,32.4153168638243
"605","813",238.944055524,"Montane Cordillera","British Columbia",0.198,0.252,0.427,89.88,0.901,86.706,1096.273,6350.033,240.773,330.382,277.408,8381.575,0.173,0.014,0.717,29403.439,-122.539671959651,50.7949980258723,42,35.0775623257057
"606","881",9002.07578385,"Montane Cordillera","British Columbia",0.192,0.262,0.45,115.788,0.899,3669.512,46325.975,263582.719,10168.461,13952.444,11710.174,349409.285,0.176,0.014,0.717,1225281.29,-122.298272954762,50.738036939532,42,38.8143016554972
"607","758",401.709945093,"Montane Cordillera","British Columbia",0.341,0.366,0.218,111.707,0.897,158.482,1997.062,11109.725,438.021,600.998,504.135,14808.424,0.18,0.014,0.717,51903.092,-121.886461883123,50.7886399757898,42,36.8634737100464
"608","752",461.998870505,"Montane Cordillera","British Columbia",0.12,0.3,0.412,80.115,0.903,155.635,1970.748,11617.671,433.092,594.296,499.224,15270.668,0.17,0.013,0.717,53591.616,-121.932743679787,51.6360625117233,42,33.053474748343
"609","1268",152.3993428,"Montane Cordillera","British Columbia",0.106,0.073,0.161,36.605,0.907,15.541,197.74,1230.13,43.537,59.748,50.259,1596.955,0.161,0.013,0.717,5610.895,-120.992803617433,51.3745604361419,42,10.4787525369827
"610","854",36068.6847125,"Montane Cordillera","British Columbia",0.137,0.29,0.486,162.811,0.898,16444.291,207377.256,1164577.758,45499.387,62429.634,52380.236,1548708.562,0.178,0.014,0.717,5429310.681,-120.012919411644,49.1170989744506,42,42.9377609509359
"611","750",6971.10852743,"Montane Cordillera","British Columbia",0.261,0.18,0.022,212.55,0.892,1525.596,19138.268,100578.969,4190.143,5748.646,4815.795,135997.418,0.19,0.015,0.717,476050.65,-119.573432232853,49.0279240545183,42,19.5087219579032
"612","901",1355.64410139,"Montane Cordillera","British Columbia",0.304,0.367,0.096,244.327,0.894,519.142,6520.877,34843.914,1428.422,1959.77,1642.376,46914.502,0.187,0.015,0.717,164283.986,-119.681660495318,49.2885265538614,42,34.6067983122536
"613","852",9332.78307722,"Montane Cordillera","British Columbia",0.254,0.4,0.27,152.308,0.897,4095.037,51573.689,284948.06,11309.389,15517.154,13014.202,380457.529,0.181,0.014,0.717,1333286.334,-120.414592143802,50.4606730504532,42,40.7657100622689
"614","851",611.238808891,"Montane Cordillera","British Columbia",0.031,0.187,0.731,165.36,0.9,300.089,3789.493,21629.926,831.882,1141.457,958.097,28650.945,0.175,0.014,0.717,100477.85,-119.910601866934,49.7733415508526,42,46.873569844138
"615","834",12969.3602332,"Montane Cordillera","British Columbia",0.191,0.527,0.181,224.251,0.896,5983.679,75287.683,411044.152,16503.228,22642.953,18985.269,550446.963,0.183,0.015,0.717,1928484.37,-119.560607912902,49.9467602779485,42,42.4421060948652
"616","897",35112.584387,"Montane Cordillera","British Columbia",0.245,0.271,0.417,132.143,0.898,15153.016,191066.493,1071160.476,41918.249,57515.781,48255.272,1425069.287,0.178,0.014,0.717,4995681.503,-119.597591967512,50.9750163622121,42,40.5857134095665
"617","833",138.151996079,"Montane Cordillera","British Columbia",0.164,0.111,0.655,42.789,0.908,42.204,537.49,3378.148,118.389,162.474,136.71,4375.414,0.159,0.012,0.717,15376.254,-120.746122177768,52.4543636212885,42,31.6710154335952
"618","802",747.628890612,"Montane Cordillera","British Columbia",0.072,0.436,0.384,50.317,0.907,232.45,2955.505,18245.077,650.552,892.773,750.836,23727.193,0.162,0.013,0.717,83351.713,-121.061596677203,52.6283383079516,42,31.7365919080216
"619","747",210.232680252,"Montane Cordillera","British Columbia",0.163,0.376,0.272,52.11,0.905,58.127,737.83,4471.293,162.299,222.72,187.219,5839.489,0.165,0.013,0.717,20505.612,-120.467819532587,52.8388608780611,42,27.7763142866293
"620","748",267.145880539,"Montane Cordillera","British Columbia",0.194,0.298,0.387,76.604,0.902,91.733,1161.055,6808.856,255.107,350.058,294.018,8960.828,0.171,0.013,0.717,31444.013,-121.364304661561,52.6966465192562,42,33.542826795309
"621","751",257.620101379,"Montane Cordillera","British Columbia",0.132,0.289,0.276,103.786,0.9,78.275,988.7,5660.07,217.061,297.839,250.01,7491.954,0.175,0.014,0.717,26275.779,-122.245587881675,52.6042120082232,42,29.0814030422966
"622","745",1056.00600728,"Montane Cordillera","British Columbia",0.118,0.31,0.489,53.372,0.906,342.21,4348.904,26701.237,957.08,1313.418,1104.453,34767.302,0.163,0.013,0.717,122120.569,-120.101676400334,53.3074729774856,42,32.9233941476826
"623","605",130336.113297,"Montane Cordillera","British Columbia",0.181,0.329,0.38,106.415,0.9,50901.962,642838.011,3672825.399,141120.637,193637.142,162534.085,4863857.236,0.175,0.014,0.717,17057771.981,-124.911112683036,55.9559756339057,42,37.3178017432253
"624","850",11780.445212,"Montane Cordillera","British Columbia",0.323,0.207,0.315,110.082,0.898,4239.768,53449.27,298926.585,11725.287,16088.125,13496.966,397926.001,0.179,0.014,0.717,1394883.817,-124.245715958736,55.4535666761042,42,33.7785197281558
"625","849",19209.3676902,"Montane Cordillera","British Columbia",0.199,0.111,0.592,121.165,0.9,7974.332,100689.766,574082.957,22102.88,30328.132,25455.569,760633.635,0.175,0.014,0.717,2667450.378,-123.621106313817,55.2832601893984,42,39.5970157512291
"626","1418",129.041469573,"Montane Cordillera","British Columbia",0.101,0.242,0.47,82.368,0.903,43.205,547.204,3233.684,120.265,165.03,138.638,4248.025,0.169,0.013,0.717,14909.005,-123.889874478674,55.6653821693655,42,32.9198436290037
"627","848",2917.71703404,"Montane Cordillera","British Columbia",0.089,0.419,0.423,92.728,0.902,1166.273,14755.285,86112.006,3241.51,4447.97,3735.468,113458.513,0.171,0.014,0.717,398089.579,-124.090772188812,56.0011543475986,42,38.8860577212658
"628","847",287.274672414,"Montane Cordillera","British Columbia",0.053,0.1,0.735,109.191,0.902,118.457,1499.094,8777.142,329.37,451.962,379.599,11555.625,0.171,0.013,0.717,40547.769,-123.533511634902,55.570732032133,42,40.225004532759
"629","846",445.822717477,"Montane Cordillera","British Columbia",0.052,0.163,0.72,109.322,0.902,193.262,2445.397,14292.592,537.251,737.214,619.152,18824.868,0.171,0.014,0.717,66052.457,-123.166844136333,55.8328279795409,42,42.2250084215845
"630","898",569.278354538,"Montane Cordillera","British Columbia",0.16,0.238,0.561,103.278,0.901,240.866,3044.806,17595.858,668.679,917.54,770.379,23238.128,0.173,0.014,0.717,81517.567,-123.127279426389,55.8990876575576,42,40.8203259701644
"631","787",1136.54473389,"Montane Cordillera","British Columbia",0.164,0.335,0.322,127.624,0.899,432.052,5450.307,30727.009,1195.964,1640.991,1376.96,40823.282,0.177,0.014,0.717,143126.782,-114.992324235458,49.2111440267697,42,35.9187639366169
"632","789",1005.5777983,"Montane Cordillera","British Columbia",0.191,0.261,0.483,117.796,0.899,427.71,5399.751,30729.967,1185.245,1626.31,1364.957,40733.939,0.176,0.014,0.717,142843.291,-116.168724219567,49.366362753616,42,40.5079935822605
"633","786",1027.75910839,"Montane Cordillera","British Columbia",0.208,0.374,0.379,106.326,0.9,431.296,5445.705,31038.024,1195.383,1640.225,1376.679,41127.312,0.175,0.014,0.717,144227.647,-114.917508379513,49.7140459891779,42,40.0164899189525
"634","839",2871.03270447,"Montane Cordillera","British Columbia",0.146,0.267,0.458,145.82,0.899,1215.201,15329.494,86409.198,3363.763,4615.443,3872.835,114805.934,0.177,0.014,0.717,402508.929,-115.419658460981,49.6894583607079,42,39.9876789356161
"635","733",4215.71976569,"Montane Cordillera","British Columbia",0.026,0.394,0.309,148.004,0.899,1526.963,19272.569,109337.649,4229.875,5803.905,4870.82,145041.781,0.176,0.014,0.717,508588.63,-115.734574017561,49.6432269837067,42,34.4049863514257
"636","734",352.490385662,"Montane Cordillera","British Columbia",0.052,0.173,0.144,57.809,0.905,46.743,593.247,3589.612,130.489,179.068,150.52,4689.679,0.165,0.013,0.717,16467.452,-115.760866851689,49.7421815053917,42,13.3044167749213
"637","785",1823.92891283,"Montane Cordillera","British Columbia",0.161,0.391,0.345,128.011,0.899,760.882,9599.487,54187.786,2106.509,2890.362,2425.385,71970.41,0.177,0.014,0.717,252336.05,-114.983588414787,50.1762446300049,42,39.458999467436
"638","893",4216.00441841,"Montane Cordillera","British Columbia",0.285,0.29,0.324,153.483,0.897,1795.802,22613.716,124739.733,4958.627,6803.513,5705.885,166617.276,0.181,0.014,0.717,583876.876,-115.636870514323,50.298497767836,42,39.5201853376703
"639","841",424.589369263,"Montane Cordillera","British Columbia",0.302,0.32,0.271,98.914,0.899,157.026,1981.066,11182.101,434.72,596.483,500.522,14851.918,0.177,0.014,0.717,52072.408,-116.737601074174,50.0898868807523,42,34.9794862405055
"640","790",318.54349043,"Montane Cordillera","British Columbia",0.078,0.156,0.68,76.53,0.904,118.97,1508.929,9062.889,331.823,455.348,382.689,11860.647,0.166,0.013,0.717,41641.038,-116.611906780298,50.1229996308969,42,37.233995847755
"641","793",408.05612405,"Montane Cordillera","British Columbia",0.148,0.206,0.568,101.865,0.901,165.617,2094.074,12135.792,459.93,631.105,529.922,16016.44,0.173,0.014,0.717,56187.906,-116.793544256928,50.1814669565679,42,39.2505811235845
"642","838",597.146601222,"Montane Cordillera","British Columbia",0.224,0.248,0.317,89.529,0.9,191.58,2420.506,13901.479,531.458,729.24,612.181,18386.444,0.174,0.014,0.717,64489.528,-115.353586785466,50.5048519801233,42,30.7905026376672
"643","738",584.514722684,"Montane Cordillera","British Columbia",0.15,0.248,0.512,87.511,0.902,222.069,2810.285,16451.507,617.444,847.256,711.594,21660.156,0.171,0.013,0.717,76003.618,-116.813787620324,50.2338492564056,42,37.0566474365949
"644","843",266.407719669,"Montane Cordillera","British Columbia",0.204,0.401,0.334,61.334,0.904,89.986,1140.642,6805.005,250.768,344.115,289.149,8919.664,0.168,0.013,0.717,31311.245,-117.130222900295,50.1757570188342,42,33.4812520113242
"645","842",246.315379965,"Montane Cordillera","British Columbia",0.147,0.336,0.404,19.893,0.912,59.567,761.789,5002.686,168.064,230.667,194.316,6417.088,0.152,0.012,0.717,22571.718,-117.09892767973,50.3020389510629,42,26.0523236547869
"646","892",5070.12464797,"Montane Cordillera","British Columbia",0.138,0.279,0.524,91.263,0.902,2023.984,25608.713,149586.567,5626.039,7720.014,6483.542,197048.86,0.171,0.014,0.717,691394.457,-115.716413747903,50.6251492897318,42,38.8646973558915
"647","840",3313.02005099,"Montane Cordillera","British Columbia",0.138,0.231,0.572,113.751,0.9,1424.756,18003.432,103562.527,3953.181,5424.382,4553.874,136922.151,0.174,0.014,0.717,480263.64,-116.264102595265,50.5317062892275,42,41.3285005501506
"648","2145",238.272435087,"Montane Cordillera","British Columbia",0.199,0.368,0.255,71.728,0.902,73.867,934.795,5473.195,205.38,281.822,236.695,7205.753,0.171,0.013,0.717,25284.511,-115.831630302087,50.6814323790603,42,30.2416559320803
"649","794",337.974389825,"Montane Cordillera","British Columbia",0.319,0.257,0.323,129.054,0.897,136.59,1720.807,9546.766,377.399,517.818,434.335,12733.716,0.18,0.014,0.717,44628.517,-116.996989938096,50.4544887051955,42,37.67657072062
"650","791",166.10902034,"Montane Cordillera","British Columbia",0.457,0.253,0.144,116.996,0.895,58.982,741.844,4031.497,162.588,223.074,187.018,5405.003,0.184,0.015,0.717,18934.405,-116.936726722933,50.6555931742469,42,32.5388891520567
"651","796",786.847308478,"Montane Cordillera","British Columbia",0.151,0.324,0.469,94.688,0.901,317.893,4019.926,23327.75,882.948,1211.561,1017.344,30777.421,0.172,0.014,0.717,107974.717,-117.258657948973,50.6112431538856,42,39.1148583319587
"652","894",1916.14367271,"Montane Cordillera","British Columbia",0.232,0.305,0.302,113.882,0.898,707.794,8928.184,50293.092,1959.058,2688.033,2255.488,66831.649,0.178,0.014,0.717,234308.181,-117.108740658267,50.7154570924714,42,34.8782035250416
"653","767",163.510593084,"Montane Cordillera","British Columbia",0.106,0.229,0.464,57.062,0.906,47.25,600.224,3668.344,132.072,181.244,152.39,4781.525,0.164,0.013,0.717,16793.518,-123.094977344671,50.6613335968233,42,29.2429065898109
"654","867",686.588450066,"Montane Cordillera","British Columbia",0.019,0.118,0.831,83.177,0.904,284.64,3610.715,21722.812,794.069,1089.676,915.842,28417.755,0.166,0.013,0.717,99774.178,-122.744658788131,50.6133286632812,42,41.389794712201
"655","866",8268.18193239,"Montane Cordillera","British Columbia",0.091,0.245,0.603,112.339,0.901,3576.753,45219.896,261726.732,9931.423,13627.613,11442.391,345524.809,0.173,0.014,0.717,1212114.93,-122.89828801074,50.8971416739471,42,41.7896959483235
"656","1252",230.041370349,"Montane Cordillera","British Columbia",0.236,0.22,0.14,94.776,0.898,55.047,694.175,3896.837,152.3,208.97,175.327,5182.656,0.178,0.014,0.717,18168.742,-120.835987630777,52.2503778896979,42,22.5292345987041
"657","1607",103.435741453,"Montane Cordillera","British Columbia",0.28,0.053,0.002,74.857,0.894,11.324,142.245,760.665,31.158,42.749,35.825,1023.966,0.187,0.015,0.717,3585.783,-120.259254214346,51.978680731371,42,9.89953748690706
"658","845",1328.69375575,"Montane Cordillera","British Columbia",0.195,0.364,0.372,55.254,0.905,430.596,5464.108,33002.973,1201.793,1649.192,1386.204,43134.867,0.166,0.013,0.717,151459.054,-119.681984867175,51.447786364026,42,32.4641150854599
"659","844",16087.1036083,"Montane Cordillera","British Columbia",0.284,0.343,0.291,70.829,0.902,5458.337,69045.321,402154.548,15166.934,20811.836,17477.007,530113.984,0.172,0.014,0.717,1859923.578,-119.922194150362,52.1780528948073,42,32.9527301438211
"660","746",1504.30008309,"Montane Cordillera","British Columbia",0.122,0.245,0.545,72.972,0.904,541.542,6865.348,41016.476,1509.438,2071.325,1740.561,53744.691,0.167,0.013,0.717,188668.623,-119.561944266351,52.1277151926646,42,35.7273735500981
"661","744",156.006035181,"Montane Cordillera","British Columbia",0.221,0.27,0.294,34.278,0.907,36.067,459.04,2865.051,101.08,138.717,116.695,3716.65,0.16,0.013,0.717,13059.347,-119.369398522815,52.2820299592618,42,23.8237578160864
"662","743",257.6820493,"Montane Cordillera","British Columbia",0.206,0.258,0.327,37.318,0.907,61.95,788.278,4907.26,173.562,238.188,200.362,6369.6,0.161,0.013,0.717,22379.89,-119.320597109563,52.3736710927097,42,24.7188347706143
"663","1397",171.634706237,"Montane Cordillera","British Columbia",0.17,0.199,0.25,78.798,0.901,41.336,522.78,3038.201,114.83,157.567,132.312,4007.026,0.172,0.014,0.717,14058.096,-118.782659172451,51.8748158178496,42,23.3462455691621
"664","740",971.354831268,"Montane Cordillera","British Columbia",0.128,0.368,0.377,31.028,0.909,253.805,3237.387,20688.047,713.493,979.214,824.286,26696.232,0.156,0.012,0.717,93849.69,-118.677767495949,52.0418803484059,42,27.4835015389288
"665","1413",333.837405169,"Montane Cordillera","British Columbia",0.141,0.16,0.305,43.227,0.907,64.94,825.902,5113.416,181.812,249.508,209.856,6645.433,0.162,0.013,0.717,23346.319,-118.169247119336,51.7107189885207,42,19.9061965409055
"666","1506",103.803422553,"Montane Cordillera","British Columbia",0.334,0.293,0.162,103.758,0.897,33.67,424.22,2355.689,93.04,127.657,107.077,3141.353,0.18,0.014,0.717,11009.908,-117.768364324293,49.4762704206899,42,30.26251854457
"667","800",1017.31079009,"Montane Cordillera","British Columbia",0.22,0.343,0.331,79.982,0.901,357.642,4523.136,26286.161,993.513,1363.278,1144.774,34668.504,0.172,0.014,0.717,121629.614,-118.381086016402,51.097562770054,42,34.0785769085698
"668","742",207.804890187,"Montane Cordillera","British Columbia",0.279,0.251,0.349,128.645,0.898,82.853,1044.245,5823.175,229.057,314.285,263.649,7757.265,0.179,0.014,0.717,27190.417,-117.766353128414,50.4040461515199,42,37.3295594392383
"669","799",748.570425821,"Montane Cordillera","British Columbia",0.171,0.243,0.474,105.514,0.9,293.194,3704.484,21285.14,813.394,1116.101,936.959,28149.271,0.174,0.014,0.717,98733.011,-117.60761369343,50.3621725124871,42,37.6040383496678
"670","798",756.98107665,"Montane Cordillera","British Columbia",0.191,0.307,0.359,94.516,0.9,272.468,3443.031,19811.855,756.018,1037.375,870.896,26191.643,0.174,0.014,0.717,91869.702,-117.589516953258,50.4654484358261,42,34.6001291286044
"671","749",126.739858652,"Montane Cordillera","British Columbia",0.242,0.489,0.206,83.128,0.9,46.873,592.255,3404.588,130.041,178.436,149.795,4501.986,0.174,0.014,0.717,15790.833,-122.305352657203,53.6427570885911,42,35.5214693142547
"672","801",398.419473921,"Montane Cordillera","British Columbia",0.254,0.332,0.316,52.797,0.904,120.654,1530.357,9195.84,336.528,461.805,388.11,12033.294,0.166,0.013,0.717,42247.768,-121.81754004952,54.6126834015948,42,30.202574893179
"673","853",35574.7939055,"Montane Cordillera","British Columbia",0.202,0.195,0.507,105.665,0.9,14108.919,178238.369,1022291.597,39133.507,53696.996,45076.341,1352545.729,0.174,0.014,0.717,4743840.249,-123.483687165313,54.4738184008311,42,38.0197769407426
"674","899",761.195189977,"Montane Cordillera","British Columbia",0.492,0.165,0.107,121.64,0.894,238.994,3002.19,16057.061,657.652,902.288,756.168,21614.353,0.187,0.015,0.717,75690.316,-122.626812132864,54.9750869257868,42,28.3952832133018
"675","902",2974.95127842,"Montane Cordillera","British Columbia",0.33,0.177,0.277,108.823,0.897,981.214,12366.011,68898.805,2712.422,3721.657,3121.961,91802.07,0.179,0.014,0.717,321774.481,-123.831478770781,54.7658892843693,42,30.8583440226141
"676","788",655.005249749,"Montane Cordillera","British Columbia",0.271,0.284,0.359,112.674,0.899,261.737,3301.648,18603.311,724.468,994.047,834.096,24719.307,0.177,0.014,0.717,86665.06,-116.468023715405,50.9390914536887,42,37.7390975255122
"677","732",349.118297672,"Montane Cordillera","British Columbia",0.159,0.156,0.577,91.173,0.902,131.856,1668.437,9753.353,366.554,502.984,422.434,12845.618,0.171,0.014,0.717,45072.76,-116.376662830571,51.0111755931591,42,36.7944564511728
"678","795",727.995562537,"Montane Cordillera","British Columbia",0.206,0.27,0.346,102.508,0.9,256.96,3244.659,18506.23,712.25,977.303,820.288,24517.691,0.175,0.014,0.717,85981.406,-117.289602366267,50.8076062513905,42,33.6783522615962
"679","739",360.619565139,"Montane Cordillera","British Columbia",0.201,0.271,0.35,37.902,0.907,91,1158.006,7215.208,254.977,349.919,294.356,9363.467,0.16,0.013,0.717,32899.578,-117.471293080696,50.77304928427,42,25.964944515395
"680","735",237.803909273,"Montane Cordillera","British Columbia",0.158,0.328,0.318,45.574,0.906,62.605,795.767,4896.715,175.139,240.347,202.117,6372.69,0.163,0.013,0.717,22385.247,-116.757678494195,51.202977119108,42,26.7980876322942
"681","2138",1558.29511325,"Montane Cordillera","British Columbia",0.09,0.143,0.701,69.059,0.905,572.708,7269.654,44058.308,1599.148,2194.489,1844.746,57539.052,0.165,0.013,0.717,202050.406,-117.345021591504,51.3074956860845,42,36.9243614452437
"682","792",497.514839145,"Montane Cordillera","British Columbia",0.212,0.342,0.395,94.117,0.9,197.943,2501.334,14395.413,549.244,753.649,632.705,19030.287,0.174,0.014,0.717,66750.792,-117.550503572157,51.5177262665082,42,38.2506922460933
"683","1396",136.601442699,"Montane Cordillera","British Columbia",0.442,0.216,0.051,123.116,0.894,39.935,501.599,2678.589,109.873,150.744,126.327,3607.067,0.187,0.015,0.717,12630.978,-118.038542334808,51.9197537886833,42,26.4057752885388
"684","921",11580.8630038,"Taiga Plains","Yukon Territory",0.01,0.115,0.791,111.173,0.907,7188.501,91459.061,568694.695,20143.786,27644.848,23260.031,738390.921,0.161,0.013,0.689,2594201.925,-135.068557537572,65.6348285009991,44,63.7595765322251
"685","927",4890.42211397,"Taiga Plains","Yukon Territory",0.095,0.267,0.551,105.336,0.907,2824.257,35926.623,222965.116,7912.527,10858.942,9136.341,289623.806,0.161,0.013,0.689,1017495.499,-135.366525319042,65.5490053824144,44,59.2226599770722
"686","971",690.728566313,"Taiga Cordillera","Yukon Territory",0.084,0.181,0.666,102.568,0.904,428.348,5430.84,32480.5,1193.881,1638.291,1376.542,42548.401,0.167,0.013,0.793,149370.859,-139.754301352912,64.6080673902917,45,61.5993069855452
"687","966",678.85462752,"Taiga Cordillera","Yukon Territory",0.076,0.152,0.65,93.577,0.905,384.371,4877.497,29458.247,1072.611,1471.906,1237.053,38501.684,0.166,0.013,0.793,135192.75,-137.832640287018,64.1366646461046,45,56.7156537485129
"688","948",4669.40141741,"Taiga Cordillera","Yukon Territory",0.06,0.142,0.708,100.122,0.904,2826.117,35848.066,215549.079,7882.11,10816.254,9089.404,282011.03,0.166,0.013,0.793,990144.316,-134.915496448182,64.1839220883631,45,60.3955421242032
"689","2110",2490.77675739,"Taiga Cordillera","Yukon Territory",0.105,0.159,0.608,108.942,0.903,1465.955,18574.415,110285.911,4082.248,5601.748,4705.887,144716.164,0.168,0.013,0.793,507962.693,-136.881000243527,65.3992432853796,45,58.1008167715693
"690","945",715.488538251,"Taiga Cordillera","Yukon Territory",0.089,0.126,0.649,101.238,0.904,409.653,5194.731,31130.352,1142.06,1567.186,1316.867,40760.848,0.167,0.013,0.793,143101.531,-136.457689638186,65.2876271665775,45,56.9692536230409
"691","2118",4873.21436243,"Taiga Cordillera","Yukon Territory",0.06,0.09,0.494,99.856,0.904,2074.983,26317.569,158060.568,5786.359,7940.335,6672.442,206852.256,0.167,0.013,0.793,726242.789,-135.807758732375,64.93421992457,45,42.4467796029507
"692","2096",114.231145273,"Taiga Cordillera","Yukon Territory",0.188,0.207,0.177,96.736,0.902,39.827,504.107,2957.407,110.745,151.963,127.621,3891.67,0.17,0.013,0.793,13656.465,-138.766794912351,65.3856386976662,45,34.0683794310154
"693","951",3212.86876881,"Taiga Cordillera","Yukon Territory",0.329,0.127,0.067,91.956,0.901,935.755,11826.081,68147.283,2596.446,3562.707,2990.695,90058.967,0.174,0.014,0.793,315906.807,-138.077640355211,65.9105051416603,45,28.0307019926483
"694","2084",102.965547673,"Taiga Cordillera","Yukon Territory",0.307,0.17,0.224,84.944,0.903,40.98,519.056,3069.218,114.061,156.515,131.471,4031.3,0.169,0.013,0.793,14148.855,-136.65729694113,65.3106207770755,45,39.1519308264419
"695","2106",312.556109703,"Taiga Cordillera","Yukon Territory",0.055,0.121,0.739,78.622,0.906,174.515,2218.704,13684.434,488.284,670.082,563.476,17799.495,0.162,0.013,0.793,62528.041,-136.596239171671,65.3769365538903,45,56.948158898297
"696","2087",174.969247828,"Taiga Cordillera","Yukon Territory",0.207,0.148,0.429,80.518,0.905,80.103,1016.568,6146.644,223.563,306.788,257.845,8031.511,0.165,0.013,0.793,28202.097,-136.648356574175,65.436401153899,45,45.9024148511813
"697","973",235.93498656,"Taiga Cordillera","Yukon Territory",0.083,0.195,0.539,120.597,0.902,135.093,1710.317,10060.611,375.767,515.626,433.061,13230.474,0.17,0.013,0.793,46430.424,-140.319081331786,64.5586862752198,45,56.0767785774553
"698","2098",334.181744114,"Taiga Cordillera","Yukon Territory",0.069,0.156,0.662,80.362,0.906,181.371,2304.798,14142.885,507.136,695.946,585.145,18417.281,0.163,0.013,0.793,64691.289,-136.669526471107,65.5566274255894,45,55.1115712464451
"699","952",450.587485051,"Taiga Cordillera","Yukon Territory",0.208,0.231,0.344,94.656,0.903,217.656,2757.312,16336.955,605.949,831.493,698.477,21447.844,0.169,0.013,0.793,75279.855,-138.109124998635,65.5692073250449,45,47.5997330409042
"700","955",358.795037894,"Taiga Cordillera","Yukon Territory",0.493,0.113,0.163,91.598,0.901,153.792,1944.203,11242.534,426.908,585.784,491.778,14845,0.173,0.014,0.793,52076.896,-138.139390341555,65.4742860249402,45,41.3745967255704
"701","2115",147.282997697,"Taiga Cordillera","Yukon Territory",0.004,0.014,0.047,,0.941,1.55,20.958,213.738,4.726,6.494,5.557,253.023,0.098,0.007,0.756,896.927,-139.980952102682,64.6805170843568,45,1.71793760282185
"702","917",255.78444546,"Taiga Cordillera","Yukon Territory",0.126,0.185,0.509,79.253,0.906,124.943,1586.877,9679.479,349.093,479.056,402.723,12622.171,0.164,0.013,0.793,44330.172,-130.71225033743,63.4967188004493,45,49.3469060532607
"703","941",501.809489616,"Taiga Cordillera","Yukon Territory",0.177,0.297,0.387,106.283,0.902,281.652,3565.587,20960.691,783.361,1074.925,902.784,27568.999,0.17,0.013,0.793,96748.108,-137.09567249091,65.8680557808752,45,54.9391742692962
"704","942",19555.8745816,"Taiga Cordillera","Yukon Territory",0.099,0.176,0.636,111.394,0.903,12156.796,154012.838,913083.239,33846.835,46445.225,39015.948,1198560.881,0.169,0.013,0.793,4206887.153,-137.543479911941,65.991647783193,45,61.2890451919608
"705","925",4734.06252994,"Taiga Cordillera","Yukon Territory",0.18,0.191,0.46,91.585,0.904,2434.502,30866.397,184629.795,6785.504,9311.341,7823.695,241851.233,0.167,0.013,0.793,849047.993,-136.699859848373,66.3951089514406,45,51.0874606050177
"706","2086",11487.184962,"Taiga Cordillera","Yukon Territory",0.121,0.186,0.583,83.227,0.905,6230.913,79116.13,481131.939,17402.669,23881.377,20074.508,627837.536,0.164,0.013,0.793,2204878.944,-136.856781987694,66.775860312517,45,54.6554737367691
"707","916",7106.44970216,"Taiga Cordillera","Yukon Territory",0.179,0.133,0.441,86.219,0.904,3232.147,41002.688,246835.446,9015.873,12372.092,10397.175,322855.421,0.166,0.013,0.793,1133578.101,-136.553520724055,67.026681612117,45,45.4313242943053
"708","923",8534.48996251,"Taiga Cordillera","Yukon Territory",0.074,0.172,0.576,81.58,0.906,4292.82,54533.914,333434.769,11997.794,16464.529,13841.911,434565.737,0.164,0.013,0.793,1526310.128,-137.332498795769,66.8291981824205,45,50.9187706481518
"709","918",909.345469138,"Taiga Cordillera","Yukon Territory",0.285,0.17,0.305,81.166,0.904,392.883,4980.967,29774.123,1094.964,1502.552,1262.472,39007.961,0.167,0.013,0.793,136940.187,-137.712512975518,67.2707682857124,45,42.8967453227397
"710","919",4189.60549044,"Taiga Cordillera","Yukon Territory",0.122,0.262,0.389,100.816,0.903,2095.894,26553.212,157465.12,5835.516,8007.6,6726.734,206684.075,0.169,0.013,0.793,725455.156,-138.379981036169,67.5336851735943,45,49.3325864384175
"711","938",3576.79333465,"Taiga Cordillera","Yukon Territory",0.169,0.173,0.489,110.51,0.902,1979.155,25058.817,147554.067,5505.786,7555.043,6345.461,193998.329,0.17,0.013,0.793,680823.642,-139.87736795791,67.3274336942112,45,54.2380593031896
"712","914",58462.4591455,"Taiga Cordillera","Yukon Territory",0.24,0.075,0.235,92.533,0.902,19006.363,240652.979,1417475.266,52875.871,72556.369,60940.683,1863507.531,0.17,0.013,0.793,6539888.532,-138.662326538273,67.940233241781,45,31.875284725231
"713","930",351.725896269,"Taiga Cordillera","Yukon Territory",0.167,0.194,0.47,105.433,0.903,191.238,2422.076,14312.012,532.229,730.33,613.456,18801.341,0.169,0.013,0.793,65987.015,-139.878794356738,67.7072568395834,45,53.4545258095546
"714","929",5188.0431476,"Taiga Cordillera","Yukon Territory",0.133,0.095,0.647,107.493,0.903,3040.393,38528.357,229102.195,8468.16,11620.225,9762.258,300521.588,0.168,0.013,0.793,1054882.564,-140.265117864978,67.7837742504538,45,57.9258073709394
"715","950",14355.5171914,"Taiga Cordillera","Yukon Territory",0.182,0.193,0.5,120.495,0.902,8599.279,108802.316,635463.114,23898.727,32793.363,27537.4,837094.2,0.171,0.014,0.793,2937204.332,-138.9473616689,66.2575659601878,45,58.311671313485
"716","2140",447.241539371,"Taiga Cordillera","Yukon Territory",0.203,0.033,0.023,86.975,0.9,60.801,768.043,4400.976,168.595,231.335,194.167,5823.917,0.175,0.014,0.793,20426.462,-138.799091534915,68.3965669868806,45,13.0218606442299
"717","2099",416.310850223,"Taiga Cordillera","Yukon Territory",0.192,0.166,0.309,119.06,0.901,185.244,2342.557,13597.346,514.44,705.897,592.668,17938.152,0.172,0.014,0.793,62933.067,-139.715293721532,67.5314563283648,45,43.088360513283
"718","2082",138.185087952,"Taiga Cordillera","Yukon Territory",0.155,0.207,0.302,93.37,0.903,56.66,717.985,4267.877,157.803,216.541,181.915,5598.78,0.168,0.013,0.793,19652.556,-140.287838441025,67.3865368803406,45,40.5165281071775
"719","926",491.17773867,"Taiga Cordillera","Yukon Territory",0.076,0.078,0.684,67.844,0.908,236.797,3014.588,18868.516,663.797,910.967,766.339,24461.005,0.16,0.013,0.793,85955.848,-132.326364208982,63.7551625450641,45,49.8007199313124
"720","922",8813.22308708,"Taiga Cordillera","Yukon Territory",0.075,0.194,0.62,83.756,0.906,4844.297,61525.26,375207.742,13534.665,18573.481,15613.863,489299.308,0.164,0.013,0.793,1718454.504,-132.784854257041,64.1806788589119,45,55.5187702802284
"721","935",401.141721346,"Taiga Cordillera","Yukon Territory",0.062,0.117,0.688,81.667,0.906,214.516,2726.066,16733,599.838,823.162,692.114,21788.695,0.163,0.013,0.793,76533.961,-133.522110846146,64.1198848029752,45,54.3167011571116
"722","915",1866.12933449,"Taiga Cordillera","Yukon Territory",0.103,0.156,0.588,101.604,0.904,1041.27,13200.63,78868.67,2901.841,3982.014,3345.723,103340.149,0.167,0.013,0.793,362778.953,-133.367297552057,65.4091110624253,45,55.3767346614495
"723","924",6918.94628506,"Taiga Cordillera","Yukon Territory",0.099,0.179,0.514,102.231,0.904,3609.259,45747.022,272700.024,10055.559,13798.553,11592.97,357503.387,0.168,0.013,0.793,1254966.211,-134.713879492438,65.3228826913274,45,51.6702070331075
"724","2105",1418.06854673,"Taiga Cordillera","Yukon Territory",0.115,0.202,0.534,87.718,0.905,749.836,9515.612,57506.126,2092.618,2871.629,2413.474,75149.295,0.165,0.013,0.793,263878.768,-135.591681610773,65.3897854444699,45,52.9941201878363
"725","936",6956.38668035,"Taiga Cordillera","Yukon Territory",0.083,0.152,0.642,109.5,0.903,4150.892,52601.913,312864.928,11561.44,15864.906,13328.294,410372.372,0.168,0.013,0.793,1440486.097,-135.909235679705,65.4247750928991,45,58.9921737903381
"726","928",4141.58298911,"Taiga Cordillera","Yukon Territory",0.09,0.175,0.615,108.189,0.903,2462.727,31207.787,185551.297,6859.106,9412.236,7907.252,243400.405,0.168,0.013,0.793,854375.882,-135.893817578426,65.681637387464,45,58.7698968341342
"727","931",486.896690809,"Taiga Cordillera","Yukon Territory",0.107,0.188,0.537,108.392,0.903,271.792,3443.254,20410.696,756.706,1038.366,872.267,26793.081,0.169,0.013,0.793,94042.05,-136.11840823988,65.8050907981765,45,55.0282667879343
"728","920",10327.9272715,"Taiga Cordillera","Yukon Territory",0.086,0.135,0.645,96.969,0.904,5830.76,73965.247,445053.78,16263.557,22317.753,18755.001,582186.099,0.166,0.013,0.793,2044093.308,-135.634593420136,66.0313536183086,45,56.3700812075379
"729","933",481.950066074,"Taiga Cordillera","Yukon Territory",0.054,0.084,0.78,104.628,0.904,299.846,3802.932,22833.361,836.131,1147.381,964.164,29883.815,0.167,0.013,0.793,104919.163,-134.836565573068,65.0239752324509,45,62.006039844409
"730","940",533.494629131,"Taiga Cordillera","Yukon Territory",0.058,0.294,0.578,102.72,0.904,330.363,4187.683,24987.809,920.513,1263.159,1061.276,32750.804,0.168,0.013,0.793,114969.703,-134.24005136521,64.2697321645257,45,61.3891915900769
"731","2083",399.138709139,"Boreal Cordillera","Yukon Territory",0,0.008,0.095,38.141,0.914,17.288,221.761,1501.619,48.986,67.238,56.693,1913.584,0.148,0.012,0.763,6735.035,-139.117895709959,61.3802032519127,46,4.7942831807215
"732","978",434.568710283,"Boreal Cordillera","Yukon Territory",0.046,0.111,0.706,70.451,0.909,187.606,2390.779,15128.556,526.748,722.91,608.4,19564.999,0.158,0.012,0.763,68765.571,-140.403990433052,63.4299662378473,46,45.021646835224
"733","977",327.293210805,"Boreal Cordillera","Yukon Territory",0.179,0.497,0.149,106.043,0.902,146.645,1855.943,10875.108,407.785,559.563,469.982,14315.026,0.171,0.013,0.763,50231.167,-140.367885473497,63.6855999855866,46,43.7376197471106
"734","976",1440.09736452,"Boreal Cordillera","Yukon Territory",0.101,0.46,0.279,109.342,0.903,682.253,8641.385,51096.148,1899.271,2606.226,2189.496,67114.778,0.169,0.013,0.763,235550.763,-139.64428039028,63.3836005261277,46,46.6043336051588
"735","975",389.397756018,"Boreal Cordillera","Yukon Territory",0.052,0.138,0.728,102.456,0.905,204.327,2594.313,15769.852,570.762,783.255,658.489,20580.999,0.165,0.013,0.763,72275.253,-140.263806054167,63.932685139773,46,52.8534093531054
"736","969",9767.74320363,"Boreal Cordillera","Yukon Territory",0.057,0.223,0.621,96.883,0.905,4893.95,62144.005,378174.795,13672.465,18762.703,15774.352,493422.27,0.164,0.013,0.763,1732816.734,-137.837166936667,63.8466454550431,46,50.5154834349688
"737","968",2685.93344842,"Boreal Cordillera","Yukon Territory",0.061,0.241,0.571,93.836,0.905,1286.116,16333.408,99541.672,3593.735,4931.69,4146.366,129832.986,0.164,0.013,0.763,455966.106,-137.915934192438,64.0390778113223,46,48.3381247127974
"738","965",4067.54710317,"Boreal Cordillera","Yukon Territory",0.023,0.164,0.736,87.891,0.907,2041.394,25959.215,160508.362,5714.629,7842.414,6596.1,208662.115,0.162,0.013,0.763,733033.776,-136.579610431992,63.5477819553805,46,51.2992498199668
"739","963",836.958082888,"Boreal Cordillera","Yukon Territory",0.039,0.104,0.759,102.235,0.905,433.11,5500.46,33524.971,1210.247,1660.826,1396.37,43725.985,0.164,0.013,0.763,153563.318,-136.183470384861,63.6226818404942,46,52.2439365769902
"740","961",4544.87960827,"Boreal Cordillera","Yukon Territory",0.032,0.141,0.79,102.316,0.905,2512.45,31906.618,194384.387,7020.183,9633.81,8099.698,253557.146,0.164,0.013,0.763,890471.054,-135.877160949214,63.5228674185257,46,55.789628737056
"741","944",1521.44929122,"Boreal Cordillera","Yukon Territory",0.063,0.185,0.642,83.472,0.907,713.381,9071.883,56108.612,1997.089,2740.685,2305.15,72936.8,0.162,0.013,0.763,256229.942,-133.848061646534,63.7649084445575,46,47.9390278867029
"742","962",1055.06422212,"Boreal Cordillera","Yukon Territory",0.06,0.144,0.679,76.805,0.908,478.016,6084.882,38046.378,1340.061,1839.058,1547.252,49335.647,0.16,0.013,0.763,173357.826,-136.837804887897,64.089864594216,46,46.7607999263468
"743","957",11151.4022232,"Boreal Cordillera","Yukon Territory",0.042,0.118,0.789,89.859,0.907,5788.847,73601.395,454272.799,16201.533,22233.939,18699.7,590798.213,0.162,0.013,0.763,2075405.666,-135.966992066783,64.0255119031566,46,52.9797240898432
"744","974",1032.84171495,"Boreal Cordillera","Yukon Territory",0.083,0.239,0.576,89.709,0.906,497.843,6324.214,38657.844,1391.625,1909.74,1605.757,50387.023,0.164,0.013,0.763,176967.674,-137.858034122162,62.6660918273773,46,48.7848450257833
"745","2088",830.724520834,"Boreal Cordillera","Yukon Territory",0.014,0.022,0.165,89.873,0.906,91.401,1161.906,7158.368,255.748,350.972,295.168,9313.563,0.162,0.013,0.763,32716.209,-134.416623408229,62.9882529587234,46,11.211373646043
"746","958",623.81543849,"Boreal Cordillera","Yukon Territory",0.131,0.287,0.436,92.487,0.905,283.865,3602.246,21764.774,792.333,1087.303,913.954,28444.475,0.166,0.013,0.763,99877.041,-135.308707238554,63.4281914682887,46,45.5975810230865
"747","970",666.297327906,"Boreal Cordillera","Yukon Territory",0.065,0.164,0.64,93.334,0.906,318.021,4040.117,24711.449,889.041,1220.041,1025.862,32204.531,0.163,0.013,0.763,113109.155,-135.973660419478,62.6781641883401,46,48.3335736933097
"748","956",469.497991063,"Boreal Cordillera","Yukon Territory",0.083,0.114,0.596,88.673,0.906,199.623,2537.006,15586.39,558.366,766.258,644.378,20292.02,0.163,0.013,0.763,71276.556,-135.018138332046,63.609672900746,46,43.2206748191966
"749","964",2478.05390582,"Boreal Cordillera","Yukon Territory",0.028,0.072,0.837,89.969,0.907,1279.346,16270.343,100713.132,3581.9,4915.596,4134.552,130894.869,0.162,0.013,0.763,459846.51,-136.658508789076,63.798660944813,46,52.8216390662762
"750","959",811.245544936,"Boreal Cordillera","Yukon Territory",0.074,0.127,0.666,88.437,0.906,378.629,4812.806,29622.985,1059.314,1453.726,1222.556,38550.016,0.162,0.013,0.763,135413.846,-134.837017590206,63.0997621062774,46,47.5195410817834
"751","953",14187.9866439,"Boreal Cordillera","Yukon Territory",0.029,0.112,0.801,90.122,0.907,7352.152,93485.922,577552.573,20579.336,28241.805,23753.175,750964.963,0.162,0.013,0.763,2638106.037,-134.023147939532,63.0304893548156,46,52.929635602869
"752","949",911.768859186,"Boreal Cordillera","Yukon Territory",0.028,0.13,0.775,90.376,0.907,467.905,5949.107,36717.924,1309.548,1797.138,1511.469,47753.092,0.162,0.013,0.763,167751.06,-133.91131280713,63.5648638286803,46,52.3741203912497
"753","960",212.150938754,"Boreal Cordillera","Yukon Territory",0.075,0.17,0.65,77.284,0.907,97.037,1234.869,7697.093,271.921,373.174,313.935,9988.03,0.16,0.013,0.763,35094.098,-136.607456013098,64.0379394410387,46,47.0798293830867
"754","2094",181.755087865,"Boreal Cordillera","Yukon Territory",0.04,0.159,0.378,95.099,0.905,57.764,733.502,4464.376,161.38,221.462,186.19,5824.674,0.164,0.013,0.763,20455.354,-137.861181103699,62.9208247817991,46,32.0468277857857
"755","2111",398.916066622,"Boreal Cordillera","Yukon Territory",0.025,0.044,0.247,68.737,0.909,62.103,791.422,5008.175,174.37,239.305,201.399,6476.775,0.158,0.012,0.763,22764.095,-140.65660338026,64.0110448937292,46,16.2359341774449
"756","2112",1105.39618522,"Boreal Cordillera","Yukon Territory",0,0,0,,,0,0,0,0,0,0,0,,,,0,-139.357755853025,63.8763008205185,46,0
"757","910",3737.8038598,"Boreal Cordillera","Yukon Territory",0.011,0.046,0.877,113.667,0.905,2100.032,26658.24,161668.424,5864.5,8047.798,6765.472,211104.467,0.165,0.013,0.763,741308.08,-130.663760432637,60.7542018355055,46,56.4782088408715
"758","912",720.828658539,"Boreal Cordillera","Yukon Territory",0.036,0.154,0.784,88.783,0.907,382.627,4865.08,30042.809,1070.945,1469.696,1236.092,39067.25,0.162,0.013,0.763,137240.226,-133.769979288072,60.7631634371615,46,54.1976925267966
"759","911",247.27015051,"Boreal Cordillera","Yukon Territory",0.095,0.284,0.545,85.144,0.906,119.781,1521.977,9328.489,334.938,459.641,386.503,12151.329,0.163,0.013,0.763,42679.97,-132.921077124408,61.1686491239444,46,49.1419161388369
"760","937",715.157313443,"Boreal Cordillera","Yukon Territory",0.08,0.041,0.737,71.342,0.909,306.269,3902.471,24660.267,859.773,1179.95,993.011,31901.74,0.158,0.012,0.763,112122.517,-130.90120396449,62.2051560756652,46,44.6080035823372
"761","913",1212.49234606,"Boreal Cordillera","Yukon Territory",0.072,0.213,0.678,132.62,0.903,721.109,9134.088,54047.083,2007.649,2754.953,2314.516,70979.398,0.169,0.013,0.763,249117.473,-135.714828532674,60.821662265662,46,58.5400792266012
"762","934",327.94862241,"Boreal Cordillera","Yukon Territory",0.089,0.225,0.594,73.714,0.907,148.771,1893.462,11817.881,416.963,572.225,481.404,15330.706,0.16,0.013,0.763,53867.743,-130.996682080025,62.456725712624,46,46.7472797639431
"763","2109",162.623435872,"Boreal Cordillera","Yukon Territory",0.092,0.383,0.289,68.682,0.907,59.215,753.258,4674.595,165.839,227.588,191.434,6071.929,0.161,0.013,0.763,21332.519,-135.879226703613,61.1713628456662,46,37.3373552676576
"764","967",23667.3344812,"Boreal Cordillera","Yukon Territory",0.022,0.085,0.822,120.059,0.904,13403.775,170038.753,1023620.269,37396.728,51318.469,43133.205,1338911.199,0.166,0.013,0.763,4700939.355,-134.496609558761,61.9486486035601,46,56.5721163092344
"765","946",8645.05135969,"Boreal Cordillera","Yukon Territory",0.047,0.114,0.746,74.928,0.908,4011.31,51088.037,321209.364,11253.321,15443.876,12995.312,416001.221,0.159,0.012,0.763,1461933.31,-132.434726088991,62.6162192156159,46,48.1201561091613
"766","972",3856.67912795,"Boreal Cordillera","Yukon Territory",0.05,0.136,0.744,87.575,0.907,1939.177,24657.425,152326.915,5427.895,7448.905,6264.993,198065.31,0.162,0.013,0.763,695794.099,-135.116859684504,61.8085384978299,46,51.3564399393736
"767","947",1396.44292462,"Boreal Cordillera","Yukon Territory",0.042,0.076,0.78,73.784,0.908,639.763,8150.916,51443.822,1795.685,2464.387,2073.884,66568.457,0.158,0.012,0.763,233956.951,-132.618667525341,62.7961057786074,46,47.6700163152852
"768","943",1412.6148111,"Boreal Cordillera","Yukon Territory",0.049,0.106,0.787,74.338,0.908,679.328,8653.044,54480.67,1906.132,2615.952,2201.287,70536.413,0.159,0.012,0.763,247889.955,-132.875986888309,63.1371706880995,46,49.9332248577186
"769","954",1174.31097125,"Boreal Cordillera","Yukon Territory",0.057,0.098,0.75,76.799,0.908,547.486,6970.917,43702.227,1535.345,2107.071,1772.869,56635.916,0.16,0.013,0.763,199020.833,-133.948652351477,62.9111687628089,46,48.229061455258
"770","2116",239.92518276,"Boreal Cordillera","Yukon Territory",0.042,0.038,0.44,91.081,0.906,68.217,867.139,5338.788,190.863,261.927,220.278,6947.212,0.162,0.013,0.763,24403.46,-133.382407203918,62.491399302936,46,28.9557432866452
"771","2101",195.372242809,"Boreal Cordillera","Yukon Territory",0.057,0.181,0.556,88.384,0.906,83.421,1060.172,6511.787,233.329,320.202,269.268,8478.179,0.163,0.013,0.763,29779.824,-132.38884289369,60.2985398122314,46,43.3950026784943
"772","2092",463.690406334,"Boreal Cordillera","Yukon Territory",0.047,0.103,0.301,81.161,0.907,108.137,1375.042,8496.779,302.692,415.396,349.374,11047.42,0.162,0.013,0.763,38809.301,-130.766469945094,61.6882171262001,46,23.8249915225601
"773","2103",221.100498854,"Boreal Cordillera","Yukon Territory",0.025,0.106,0.309,90.718,0.906,52.95,672.808,4124.696,148.065,203.193,170.863,5372.574,0.163,0.013,0.763,18870.548,-134.654580174646,61.6148634373492,46,24.299239612063
"774","2089",255.505215357,"Boreal Cordillera","Yukon Territory",0.048,0.069,0.3,87.931,0.906,56.815,722.007,4431.947,158.9,218.062,183.373,5771.105,0.163,0.013,0.763,20270.881,-133.827296653,62.8237183811332,46,22.5870340530483
"775","2097",110.935343947,"Boreal Cordillera","Yukon Territory",0.068,0.142,0.403,90.207,0.906,36.483,463.414,2830.25,101.97,139.934,117.658,3689.708,0.164,0.013,0.763,12958.633,-135.668581505094,62.314644595148,46,33.2599861209497
"776","909",872.213331968,"Boreal Cordillera","Yukon Territory",0.014,0.608,0.349,89.423,0.905,454.218,5766.105,34980.222,1268.444,1740.671,1463.288,45672.948,0.165,0.013,0.763,160385.576,-125.923654168649,60.4577212871625,46,52.3644231588926
"777","939",419.509601074,"Boreal Cordillera","Yukon Territory",0.069,0.15,0.694,81.832,0.907,200.822,2554.6,15854.1,562.442,771.867,649.265,20593.096,0.161,0.013,0.763,72349.587,-132.855800526852,63.4944189237567,46,49.0884974915448
"778","932",912.714188349,"Boreal Cordillera","Yukon Territory",0.044,0.101,0.806,100.29,0.906,494.441,6280.464,38354.777,1381.967,1896.485,1594.586,50002.72,0.164,0.013,0.763,175614.252,-132.969336462891,63.9125336626133,46,54.7846419375264
"779","254",35391.1864572,"Taiga Shield West","Northwest Territories",0.094,0.111,0.718,101.323,0.903,9740,123419.103,733360.762,27146.343,37252.351,31312.899,962231.459,0.168,0.013,0.804,3377246.29,-133.267515778595,68.5434431362205,51,27.1884487445389
"780","11",253.676150737,"Taiga Shield West","Northwest Territories",0.222,0.266,0.333,114.991,0.901,59.776,756.054,4398.101,166.189,228.051,191.601,5799.771,0.172,0.014,0.804,20346.453,-127.437329923612,67.9822433948335,51,22.8628942182781
"781","36",378.921913065,"Taiga Shield West","Northwest Territories",0.147,0.122,0.607,132.543,0.902,101.595,1285.518,7513.949,282.611,387.811,325.86,9897.344,0.171,0.014,0.804,34725.075,-111.493217316688,64.4556761845788,51,26.1197456751524
"782","298",134.929117551,"Taiga Shield West","Northwest Territories",0.124,0.081,0.557,102.452,0.903,30.168,382.136,2261.167,84.041,115.328,96.931,2969.772,0.169,0.013,0.804,10422.352,-107.392728513031,64.4550473205061,51,22.0098675060073
"783","299",133.258833864,"Taiga Shield West","Northwest Territories",0.115,0.105,0.546,98.779,0.903,29.812,377.683,2239.464,83.067,113.991,95.812,2939.83,0.169,0.013,0.804,10317.745,-106.387670236573,64.2303428878997,51,22.0610515247365
"784","33",1996.27772617,"Taiga Plains","Northwest Territories",0.089,0.074,0.741,51.502,0.916,377.225,4848.273,33457.755,1072.151,1471.706,1241.907,42469.017,0.145,0.011,0.788,149524.521,-126.657054708576,60.9821121402807,50,21.2741025175289
"785","218",12349.6089178,"Taiga Plains","Northwest Territories",0.005,0.114,0.83,73.113,0.913,2781.774,35634.627,237992.158,7870.536,10802.923,9107.961,304189.977,0.15,0.012,0.788,1070280.658,-123.750495954233,61.8929009796804,50,24.6315473651606
"786","218",50518.8014261,"Taiga Plains","Northwest Territories",0.005,0.114,0.83,64.233,0.914,10948.844,140438.289,950273.052,31033.147,42596.478,35925.619,1211215.43,0.148,0.012,0.788,4262750.559,-124.166426417049,61.8195804004808,50,23.9755377366146
"787","38",11861.8461853,"Taiga Plains","Northwest Territories",0.003,0.212,0.716,56.592,0.915,2407.096,30909.285,211433.857,6832.93,9379.165,7912.673,268875.007,0.146,0.011,0.788,946486.436,-124.517859362583,62.5303583981364,50,22.6672140912776
"788","93",2956.37057793,"Taiga Plains","Northwest Territories",0.067,0.289,0.575,98.182,0.91,687.39,8775.641,56599.995,1935.902,2657.006,2238.155,72894.089,0.155,0.012,0.788,256288.869,-124.051574390847,64.1895844394476,50,24.6566142770367
"789","337",17565.2554066,"Taiga Plains","Northwest Territories",0.005,0.035,0.88,91.926,0.911,4165.425,53240.252,347564.843,11749.304,16126.133,13587.804,446433.759,0.153,0.012,0.788,1570023.246,-125.649458192283,64.1222255671949,50,25.4157283037431
"790","58",2282.42832766,"Taiga Plains","Northwest Territories",0.2,0.316,0.306,115.78,0.908,463.997,5910.437,37227.137,1302.843,1788.068,1505.36,48197.841,0.159,0.012,0.788,169373.393,-125.573307091695,64.5704669285865,50,21.1169132523927
"791","69",10434.4081491,"Taiga Plains","Northwest Territories",0.039,0.132,0.737,92.249,0.911,2384.626,30471.1,198388.053,6723.987,9228.757,7775.676,254972.198,0.154,0.012,0.788,896637.093,-125.909675499427,64.3643492967564,50,24.4357125345909
"792","338",3478.59261413,"Taiga Plains","Northwest Territories",0.086,0.176,0.673,68.646,0.913,729.604,9349.599,62667.966,2065.353,2834.881,2390.368,80037.772,0.149,0.012,0.788,281629.694,-125.320462522957,63.639167777925,50,23.008664962631
"793","336",85614.228825,"Taiga Plains","Northwest Territories",0.005,0.078,0.793,128.06,0.908,21343.005,271942.318,1717779.376,59944.339,82269.722,69262.11,2222540.87,0.158,0.012,0.788,7810858.526,-125.303269722479,64.8220160413843,50,25.9599473183715
"794","62",105.442646235,"Taiga Plains","Northwest Territories",0.063,0.264,0.58,46.742,0.916,19.245,247.503,1718.656,54.746,75.149,63.426,2178.724,0.144,0.011,0.788,7671.786,-124.898852807467,62.7599300612115,50,20.6626453128299
"795","78",758.369798574,"Taiga Plains","Northwest Territories",0.15,0.429,0.36,53.17,0.915,139.955,1797.098,12289.249,397.292,545.341,460.088,15629.024,0.146,0.011,0.788,55016.194,-124.059416721574,63.1266032681425,50,20.6087109868932
"796","44",9681.87863305,"Taiga Plains","Northwest Territories",0.001,0.212,0.683,58.197,0.915,1904.148,24444.279,166760.401,5403.209,7416.631,6256.541,212185.21,0.147,0.011,0.788,746887.879,-125.017508071013,63.2343362990957,50,21.9157064493337
"797","53",109.17306723,"Taiga Plains","Northwest Territories",0.188,0.415,0.262,63.167,0.913,19.023,243.809,1636.402,53.864,73.933,62.346,2089.377,0.149,0.012,0.788,7352.07,-125.158639766047,63.1482492915521,50,19.1382092031747
"798","45",357.284433297,"Taiga Plains","Northwest Territories",0.002,0.234,0.699,38.012,0.917,66.314,854.391,6036.103,189.106,259.591,219.196,7624.701,0.142,0.011,0.788,26857.596,-124.816131497094,62.859391990095,50,21.3407030629342
"799","230",348.604168996,"Taiga Plains","Northwest Territories",0.213,0.338,0.314,70.444,0.913,62.839,804.488,5340.824,177.663,243.854,205.575,6835.242,0.151,0.012,0.788,24046.344,-123.011677508304,61.0164600876147,50,19.6074591410822
"800","51",291.313441931,"Taiga Plains","Northwest Territories",0.182,0.457,0.214,88.954,0.91,55.664,710.806,4596.041,156.827,215.246,181.335,5915.918,0.155,0.012,0.788,20800.77,-122.197856056211,60.5306090975845,50,20.3077412452572
"801","97",17676.1260043,"Taiga Plains","Northwest Territories",0.141,0.173,0.582,136.03,0.907,4328.524,55091.696,343919.204,12139.606,16660.515,14022.742,446162.286,0.16,0.013,0.788,1567583.104,-129.877109290587,67.7445789762867,50,25.2409541486332
"802","219",64076.6116481,"Taiga Plains","Northwest Territories",0.015,0.114,0.732,115.378,0.909,15061.894,192069.09,1223914.146,42351.04,58125.009,48945.97,1580467.148,0.157,0.012,0.788,5555388.084,-132.307859723385,67.1619347306228,50,24.6652734492222
"803","13",5426.12564326,"Taiga Plains","Northwest Territories",0.123,0.187,0.613,135.965,0.908,1378.274,17543.402,109604.579,3865.82,5305.495,4465.574,142163.144,0.16,0.013,0.788,499496.383,-130.592904286169,67.5918605168643,50,26.1997515992993
"804","249",1979.32397169,"Taiga Plains","Northwest Territories",0.137,0.183,0.557,105.211,0.909,437.004,5574.564,35650.279,1229.396,1687.31,1421.028,45999.582,0.156,0.012,0.788,161701.255,-130.334343298026,68.3471035720306,50,23.2400469341683
"805","220",1305.68851948,"Taiga Plains","Northwest Territories",0.138,0.14,0.598,106.742,0.909,290.855,3709.935,23705.146,818.148,1122.882,945.651,30592.618,0.157,0.012,0.788,107539.617,-130.671725400537,68.3437214110294,50,23.4302573267503
"806","15",1703.52823849,"Taiga Plains","Northwest Territories",0.071,0.149,0.683,67.816,0.913,346.393,4439.712,29813.594,980.806,1346.249,1135.207,38061.961,0.149,0.012,0.788,133934.157,-135.62066587316,67.1769129996461,50,22.3430173565764
"807","255",11621.5115443,"Taiga Plains","Northwest Territories",0.087,0.096,0.741,97.17,0.91,2719.763,34732.191,224690.613,7662.611,10516.911,8859.614,289181.703,0.155,0.012,0.788,1016802.041,-132.336939216636,68.1144496804111,50,24.8833124587683
"808","98",3390.88284899,"Taiga Plains","Northwest Territories",0.107,0.165,0.614,134.095,0.908,828.029,10541.404,65981.824,2323.013,3188.139,2683.533,85545.941,0.16,0.013,0.788,300581.521,-130.1959648127,67.6950513133312,50,25.2282207347507
"809","250",240.672810335,"Taiga Plains","Northwest Territories",0.131,0.106,0.616,112.876,0.909,53.447,681.408,4332.36,150.244,206.202,173.634,5597.295,0.157,0.012,0.788,19673.643,-130.004974749264,68.0368664799712,50,23.2568647543067
"810","14",368.409582566,"Taiga Plains","Northwest Territories",0.118,0.294,0.491,95.9,0.91,80.716,1030.507,6648.914,227.336,312.018,262.837,8562.328,0.155,0.012,0.788,30104.529,-129.816787675868,68.608638408015,50,23.2413281445145
"811","67",672.0091909,"Taiga Plains","Northwest Territories",0.098,0.176,0.651,112.125,0.909,162.645,2073.883,13204.272,457.289,627.61,528.499,17054.198,0.157,0.012,0.788,59944.75,-131.177359448725,67.8555607004289,50,25.377923741132
"812","66",356.276648721,"Taiga Plains","Northwest Territories",0.223,0.147,0.438,77.55,0.912,63.005,805.97,5306.846,177.936,244.225,205.842,6803.824,0.152,0.012,0.788,23931.781,-134.497903495963,67.1305766643925,50,19.097024810425
"813","247",882.923647568,"Taiga Plains","Northwest Territories",0.153,0.317,0.435,143.001,0.907,216.681,2756.109,17089.33,607.191,833.306,701.267,22203.884,0.161,0.013,0.788,78001.451,-125.300016872954,65.3658413397713,50,25.1481360377653
"814","251",17968.5765104,"Taiga Plains","Northwest Territories",0.261,0.16,0.496,114.245,0.908,4108.38,52346.617,330631.937,11539.77,15837.658,13334.405,427798.768,0.158,0.012,0.788,1503431.188,-126.839422152497,65.4676369228192,50,23.8081613060665
"815","223",4760.34009249,"Taiga Plains","Northwest Territories",0.11,0.211,0.614,126.389,0.908,1199.707,15280.016,96108.602,3367.837,4622.113,3891.026,124469.301,0.159,0.012,0.788,437390.985,-126.781137810559,65.6312590538572,50,26.1471446538799
"816","246",2428.37880411,"Taiga Plains","Northwest Territories",0.182,0.266,0.454,139.958,0.907,588.311,7484.006,46463.784,1648.856,2262.886,1904.392,60352.236,0.161,0.013,0.788,212020.953,-125.630189642755,66.016835380644,50,24.8528919367335
"817","252",8161.32936071,"Taiga Plains","Northwest Territories",0.231,0.238,0.408,126.068,0.908,1833.859,23344.148,145969.563,5144.449,7060.329,5942.926,189295.275,0.16,0.013,0.788,665105.715,-127.712092353798,65.7185014136417,50,23.1941717621763
"818","7",6971.96074608,"Taiga Plains","Northwest Territories",0.101,0.243,0.567,116.164,0.909,1661.142,21172.088,134185.145,4667.732,6406.215,5393.972,173486.294,0.158,0.012,0.788,609737.006,-129.499186274791,65.647166973766,50,24.8834295427643
"819","257",7066.51908994,"Taiga Plains","Northwest Territories",0.168,0.17,0.543,125.013,0.908,1641.961,20910.428,131364.301,4608.711,6325.115,5324.567,170175.083,0.159,0.012,0.788,597986.809,-129.938245172885,65.920014324188,50,24.0818825837835
"820","248",1018.65729037,"Taiga Plains","Northwest Territories",0.175,0.206,0.518,131.741,0.908,244.168,3107.942,19419.736,684.875,939.932,791.144,25187.798,0.16,0.013,0.788,88498.459,-127.458099207923,66.6301072059739,50,24.7264690864297
"821","258",5950.29038949,"Taiga Plains","Northwest Territories",0.166,0.16,0.539,132.261,0.908,1382.721,17600.745,110013.27,3878.573,5323.007,4480.412,142678.727,0.16,0.013,0.788,501311.984,-130.143514825995,66.0452874144569,50,23.9784477161003
"822","16",1335.1637357,"Taiga Plains","Northwest Territories",0.334,0.21,0.21,82.245,0.911,208.545,2664.208,17304.529,587.935,806.951,679.921,22252.088,0.154,0.012,0.788,78246.804,-131.389444537067,65.9183165429993,50,16.6661866294127
"823","262",7887.92998134,"Taiga Plains","Northwest Territories",0.239,0.153,0.484,129.503,0.908,1801.081,22923.848,143134.423,5051.527,6932.78,5835.313,185678.972,0.16,0.013,0.788,652380.141,-130.563876626796,66.1824625879256,50,23.5396323800097
"824","94",8548.07698529,"Taiga Plains","Northwest Territories",0.17,0.222,0.466,152.541,0.906,2030.638,25817.146,159271.809,5686.713,7804.344,6566.904,207177.554,0.162,0.013,0.788,727728.675,-128.64259071587,66.9124740295835,50,24.2367440485764
"825","96",2023.87930608,"Taiga Plains","Northwest Territories",0.179,0.218,0.464,141.03,0.907,470.78,5988.703,37168.736,1319.396,1810.735,1523.857,48282.207,0.161,0.013,0.788,169617.17,-128.990575271526,66.9636528543584,50,23.8562679379911
"826","95",1715.82768606,"Taiga Plains","Northwest Territories",0.246,0.22,0.369,143.155,0.907,378,4806.301,29683.695,1058.749,1453.014,1222.687,38602.446,0.162,0.013,0.788,135597.087,-128.833723232344,67.0078191163608,50,22.4978570480125
"827","253",35647.3615347,"Taiga Plains","Northwest Territories",0.101,0.198,0.624,146.341,0.907,9301.995,118342.344,735406.378,26072.724,35782.151,30113.309,955018.901,0.161,0.013,0.788,3355118.693,-129.688627936466,66.9023506080536,50,26.7907317648281
"828","86",25387.9586707,"Taiga Plains","Northwest Territories",0.082,0.225,0.603,153.282,0.907,6618.14,84172.042,521327.701,18542.346,25447.324,21414.02,677521.573,0.161,0.013,0.788,2380061.662,-130.118520682248,67.3219390231674,50,26.686729003617
"829","65",128.909475849,"Taiga Plains","Northwest Territories",0.1,0.149,0.501,128.473,0.908,26.137,332.845,2089.987,73.358,100.678,84.75,2707.755,0.159,0.013,0.788,9514.834,-127.369746126458,65.9567201708434,50,21.0050888979781
"830","6",120.219965986,"Taiga Plains","Northwest Territories",0.109,0.378,0.437,127.233,0.908,29.352,373.737,2343.602,82.368,113.044,95.158,3037.261,0.159,0.013,0.788,10672.361,-125.563435682897,65.3507923479128,50,25.2641977985063
"831","12",103.446898062,"Taiga Plains","Northwest Territories",0.129,0.155,0.561,117.845,0.909,22.964,292.643,1851.441,64.514,88.542,74.548,2394.652,0.158,0.012,0.788,8415.957,-128.010720136876,67.9013115063175,50,23.1486109768587
"832","17",767.103043612,"Taiga Plains","Northwest Territories",0.11,0.308,0.423,111.181,0.909,163.589,2085.465,13247.08,459.818,631.079,531.399,17118.431,0.157,0.012,0.788,60167.387,-131.842037116597,65.8696312031374,50,22.3156864551022
"833","309",112.320469171,"Taiga Plains","Northwest Territories",0.334,0.048,0.225,118.366,0.907,15.943,202.886,1264.873,44.71,61.36,51.648,1641.419,0.16,0.013,0.788,5766.86,-130.285675459269,66.1375969653145,50,14.6137121053248
"834","10",508.934419141,"Taiga Plains","Northwest Territories",0.34,0.17,0.147,64.772,0.913,62.172,796.192,5302.045,175.865,241.389,203.525,6781.189,0.15,0.012,0.788,23857.484,-131.627860815846,65.9762354466282,50,13.3242884445614
"835","52",124.899683434,"Taiga Plains","Northwest Territories",0.118,0.195,0.523,125.874,0.908,27.898,355.302,2233.491,78.31,107.475,90.475,2892.952,0.159,0.012,0.788,10165.837,-129.145890768314,66.1051667915429,50,23.1622044224692
"836","47",304.217075944,"Taiga Plains","Northwest Territories",0.008,0.627,0.157,99.685,0.91,58.173,742.245,4758.482,163.71,224.688,189.243,6136.54,0.156,0.012,0.788,21572.705,-121.336365845271,60.7841714372384,50,20.1715830084752
"837","229",1065.80113642,"Taiga Plains","Northwest Territories",0.145,0.578,0.197,88.496,0.91,220.706,2818.635,18245.09,621.904,853.565,719.105,23479.004,0.154,0.012,0.788,82555.73,-120.982432276804,60.7938888687423,50,22.0294417013528
"838","1928",223.660084424,"Taiga Plains","Northwest Territories",0.109,0.409,0.157,88.537,0.911,34.043,434.775,2814.728,95.929,131.663,110.923,3622.062,0.154,0.012,0.788,12735.758,-120.932990623117,60.7420914860748,50,16.1944944683716
"839","324",10608.7461463,"Taiga Plains","Northwest Territories",0.065,0.162,0.672,91.434,0.911,2363.452,30199.467,196546.777,6664.033,9146.469,7706.333,252626.531,0.154,0.012,0.788,888380.382,-121.172434214468,61.0591371601885,50,23.8130432678991
"840","216",1130.42070318,"Taiga Plains","Northwest Territories",0.409,0.188,0.307,109.57,0.908,236.252,3009.355,18951.82,663.382,910.451,766.524,24537.784,0.159,0.012,0.788,86228.213,-121.20320074182,61.1544244236514,50,21.7067715859878
"841","48",419.704171563,"Taiga Plains","Northwest Territories",0.128,0.377,0.331,132.295,0.907,92.301,1174.669,7326.2,258.841,355.237,298.994,9506.242,0.16,0.013,0.788,33399.224,-120.467357078488,60.8756247735642,50,22.6498630323312
"842","310",779882.767924,"Taiga Plains","Northwest Territories",0.005,0.137,0.798,119.818,0.909,202919.489,2586816.897,16429103.08,570323.489,782740.01,659074.296,21230977.261,0.157,0.012,0.788,74622283.75,-119.702998661931,60.2273004046907,50,27.2232932104854
"843","228",336.775867499,"Taiga Plains","Northwest Territories",0.127,0.422,0.301,100.696,0.91,68.689,876.278,5608.156,193.262,265.247,223.397,7235.029,0.156,0.012,0.788,25433.448,-120.546738801446,61.4367550885543,50,21.4832168757504
"844","323",198603.716686,"Taiga Plains","Northwest Territories",0.002,0.091,0.886,132.501,0.908,55814.971,710976.794,4478122.533,156705.158,215066.549,181049.334,5797735.34,0.159,0.012,0.788,20374218.967,-119.71862818381,60.9045612801168,50,29.1924815745842
"845","245",11730.2288254,"Taiga Plains","Northwest Territories",0.187,0.188,0.476,122.155,0.908,2582.512,32890.42,206764.129,7249.387,9949.266,8375.641,267811.354,0.159,0.012,0.788,941087.951,-121.525101735295,64.1087145917584,50,22.8308720985984
"846","244",8909.34831493,"Taiga Plains","Northwest Territories",0.083,0.167,0.713,112.701,0.909,2267.766,28917.268,184183.135,6376.27,8751.164,7369.225,237864.828,0.157,0.012,0.788,836091.561,-119.666019631822,64.547819155599,50,26.6983419653033
"847","42",2145.11657919,"Taiga Plains","Northwest Territories",0.074,0.102,0.753,116.658,0.909,537.217,6848.786,43520.876,1510.025,2072.437,1745.055,56234.395,0.157,0.012,0.788,197653.631,-118.836520593691,64.7322900231946,50,26.2150763951646
"848","334",2201.95765891,"Taiga Plains","Northwest Territories",0.235,0.304,0.335,130.571,0.907,492.836,6270.947,39034.032,1381.758,1896.333,1596.044,50671.95,0.161,0.013,0.788,178022.888,-120.865140168797,64.4251208239193,50,23.0122272310555
"849","333",1715.2404076,"Taiga Plains","Northwest Territories",0.227,0.271,0.373,137.161,0.907,390.972,4973.211,30848.3,1095.673,1503.699,1265.469,40077.324,0.161,0.013,0.788,140790.999,-121.020828048961,64.500306879751,50,23.3654266902895
"850","56",13373.7002035,"Taiga Plains","Northwest Territories",0.002,0.708,0.15,58.849,0.914,2350.805,30150.931,203861.024,6662.659,9145.254,7713.138,259883.811,0.148,0.012,0.788,914616.594,-122.828526195671,64.4356309150399,50,19.4324537746095
"851","1",679.720576818,"Taiga Plains","Northwest Territories",0.125,0.299,0.476,118.93,0.908,158.732,2022.339,12764.263,445.801,611.834,515.111,16518.081,0.158,0.012,0.788,58049.454,-120.172811606316,65.1622280280536,50,24.3012813843693
"852","70",5772.25811899,"Taiga Plains","Northwest Territories",0.121,0.249,0.492,123.919,0.908,1314.764,16745.644,105341.35,3690.942,5065.557,4264.388,136422.644,0.159,0.012,0.788,479396.213,-119.411586967699,66.3913808913759,50,23.6341898071375
"853","9",5722.71320931,"Taiga Plains","Northwest Territories",0.1,0.225,0.537,137.022,0.907,1358.234,17287.064,107918.402,3809.241,5227.839,4400.133,140000.912,0.16,0.013,0.788,491890.939,-121.750064557845,66.0476802430901,50,24.4640796907732
"854","243",5742.96793726,"Taiga Plains","Northwest Territories",0.07,0.112,0.77,123.969,0.909,1503.67,19159.739,121073.745,4223.532,5796.535,4880.17,156637.392,0.158,0.012,0.788,550486.983,-118.942846843946,64.4452667030689,50,27.2746415635976
"855","99",18750.6597461,"Taiga Plains","Northwest Territories",0.053,0.167,0.69,117.807,0.909,4606.156,58715.977,372688.173,12945.258,17766.707,14959.702,481681.974,0.158,0.012,0.788,1692983.066,-119.743180299079,64.8226119039175,50,25.688801382052
"856","92",5696.32275804,"Taiga Plains","Northwest Territories",0.15,0.174,0.597,144.397,0.907,1457.492,18541.571,115152.824,4084.972,5606.205,4718.004,149561.068,0.161,0.013,0.788,525422.133,-121.234049745673,64.7239802106796,50,26.2557222181457
"857","68",5059.46305563,"Taiga Plains","Northwest Territories",0.085,0.211,0.637,151.32,0.907,1351.39,17189.438,106596.441,3786.828,5197.014,4373.433,138494.543,0.161,0.013,0.788,486529.732,-121.603826800943,64.9741580601657,50,27.3733677817625
"858","4",322.673646766,"Taiga Plains","Northwest Territories",0.396,0.144,0.317,74.585,0.912,55.821,713.982,4694.836,157.629,216.354,182.353,6020.974,0.152,0.012,0.788,21177.455,-124.216189362543,64.9346726185952,50,18.6596397330407
"859","335",6243.43562567,"Taiga Plains","Northwest Territories",0.15,0.237,0.528,98.895,0.91,1396.945,17829.085,114643.52,3932.749,5397.636,4546.467,147746.403,0.156,0.012,0.788,519428.506,-121.482132338916,63.5783609053864,50,23.6642790697702
"860","332",264.681173454,"Taiga Plains","Northwest Territories",0.072,0.048,0.537,166.059,0.906,51.592,655.908,4044.618,144.467,198.263,166.819,5261.667,0.162,0.013,0.788,18481.974,-117.6833675942,61.6884798460773,50,19.8792642912113
"861","259",386.018344739,"Taiga Plains","Northwest Territories",0.069,0.07,0.634,156.422,0.907,87.584,1113.971,6902.56,245.397,336.78,283.4,8969.692,0.161,0.013,0.788,31509.951,-116.703908867432,63.3183972461418,50,23.2364397242953
"862","322",2883.69083075,"Taiga Plains","Northwest Territories",0.185,0.498,0.182,154.955,0.906,662.989,8424.236,51640.075,1855.291,2546.147,2142.179,67270.917,0.163,0.013,0.788,236260.985,-115.941290788496,60.0326090914075,50,23.3280614837978
"863","321",4328.05879922,"Taiga Plains","Northwest Territories",0.13,0.175,0.658,147.54,0.907,1176.585,14967.174,92898.595,3297.386,4525.317,3808.283,120673.339,0.161,0.013,0.788,423931.836,-115.522216738604,60.4843217818752,50,27.8816311418291
"864","1929",313.492743909,"Taiga Plains","Northwest Territories",0.202,0.519,0.157,205.121,0.904,77.583,984.141,5919.888,216.607,297.255,249.981,7745.454,0.166,0.013,0.788,27191.511,-115.043813911073,60.6665325617261,50,24.7069641977051
"865","321",454629.65571,"Taiga Plains","Northwest Territories",0.13,0.175,0.658,211.328,0.905,134208.984,1703684.098,10332464.248,375043.411,514686.766,432890.008,13492977.515,0.165,0.013,0.788,47377932.331,-116.366390793275,60.6616471427585,50,29.6790527092384
"866","320",2939.96565319,"Taiga Plains","Northwest Territories",0.023,0.212,0.634,98.039,0.91,651.815,8323.386,53812.896,1836.256,2520.252,2123.06,69267.665,0.155,0.012,0.788,243551.5,-115.702717434841,60.8231350144451,50,23.5607055221347
"867","40",1197.31766674,"Taiga Shield West","Northwest Territories",0.092,0.108,0.747,127.469,0.902,352.697,4465.291,26269.979,981.848,1347.347,1132.272,34549.434,0.17,0.013,0.804,121235.136,-114.645273662396,64.8766869976357,51,28.8556954931347
"868","22",1554.07025178,"Taiga Shield West","Northwest Territories",0.107,0.1,0.72,125.879,0.902,444.843,5631.654,33115.415,1238.297,1699.259,1427.996,43557.464,0.17,0.013,0.804,152842.892,-114.251862231322,64.9557708598745,51,28.0279890501154
"869","327",2256.94629193,"Taiga Shield West","Northwest Territories",0.09,0.126,0.696,137.325,0.902,646.722,8185.404,47995.347,1799.656,2469.576,2075.205,63171.91,0.171,0.013,0.804,221655.951,-115.415246471039,64.8978965808277,51,27.9899925956941
"870","79",3833.46566856,"Taiga Shield West","Northwest Territories",0.054,0.06,0.846,136.119,0.902,1172.673,14847.676,87429.427,3264.85,4480.218,3765.114,114959.958,0.17,0.013,0.804,403406.579,-115.428420490031,65.1068647069331,51,29.9885189902284
"871","41",1390.26857931,"Taiga Shield West","Northwest Territories",0.036,0.065,0.868,126.4,0.903,427.162,5410.297,31983.21,1189.81,1632.737,1372.25,42015.465,0.169,0.013,0.804,147449.513,-116.098689896828,65.1414091101056,51,30.2211138374806
"872","20",2392.40817837,"Taiga Shield West","Northwest Territories",0.102,0.122,0.705,106.207,0.903,667.155,8451.559,50069.073,1858.769,2550.737,2143.906,65741.2,0.169,0.013,0.804,230723.609,-114.306055990002,65.5379673566443,51,27.479090146227
"873","19",561.875547179,"Taiga Shield West","Northwest Territories",0.108,0.058,0.722,118.202,0.903,152.432,1930.275,11384.469,424.472,582.487,489.534,14963.669,0.17,0.013,0.804,52510.899,-115.250657319912,65.4463645701988,51,26.6316430304324
"874","91",4536.3951149,"Taiga Shield West","Northwest Territories",0.075,0.086,0.774,123.48,0.903,1319.133,16704.732,98546.837,3673.417,5040.892,4236.482,129521.493,0.17,0.013,0.804,454523.052,-115.813978246287,65.5578717464859,51,28.5516339999972
"875","2",676.649881582,"Taiga Shield West","Northwest Territories",0.072,0.157,0.696,114.486,0.903,191.808,2429.379,14361.276,534.26,733.147,616.181,18866.052,0.169,0.013,0.804,66208.692,-115.503387218774,66.0786106466257,51,27.8815566418062
"876","5",848.336021949,"Taiga Shield West","Northwest Territories",0.166,0.307,0.356,139.346,0.901,212.219,2683.375,15555.041,589.768,809.294,679.886,20529.584,0.173,0.014,0.804,72015.249,-117.961932560938,65.758725143101,51,24.1998258577239
"877","84",12656.2377048,"Taiga Shield West","Northwest Territories",0.058,0.131,0.748,132.612,0.902,3746.391,47431.847,279117.045,10429.549,14312.017,12027.436,367064.285,0.17,0.013,0.804,1288048.779,-116.937770281993,65.9544348020907,51,29.0026383481078
"878","85",12544.3769154,"Taiga Shield West","Northwest Territories",0.049,0.108,0.796,121.519,0.903,3741.235,47385.365,280123.5,10420.803,14300.123,12018.682,367989.707,0.169,0.013,0.804,1291427.137,-115.596911739403,65.716734160307,51,29.3350326988533
"879","39",1659.10835201,"Taiga Shield West","Northwest Territories",0.063,0.062,0.832,139.249,0.902,506.359,6410.422,37693.435,1409.525,1934.227,1625.447,49579.415,0.17,0.013,0.804,173973.854,-115.161732906956,64.7884020427496,51,29.8831688357996
"880","49",15933.0175082,"Taiga Shield West","Northwest Territories",0.058,0.21,0.704,137.078,0.902,4899.33,62016.075,364069.633,13635.365,18711.145,15723.473,479055.021,0.17,0.013,0.804,1680941.921,-115.993530205629,64.7289226362635,51,30.0668106812443
"881","18",1582.07468507,"Taiga Shield West","Northwest Territories",0.082,0.16,0.681,124.713,0.902,452.426,5728.092,33712.141,1259.53,1728.399,1452.507,44333.095,0.17,0.013,0.804,155567.704,-114.684849011577,65.5047578188544,51,28.0221252627138
"882","329",58032.3661953,"Taiga Shield West","Northwest Territories",0.01,0.061,0.887,111.818,0.903,17380.876,220274.262,1311247.822,48452.186,66490.074,55890.949,1719736.169,0.168,0.013,0.804,6036188.242,-116.35723099565,65.4782995770292,51,29.634086661441
"883","3",2377.05706425,"Taiga Shield West","Northwest Territories",0.004,0.058,0.906,127.011,0.903,736.719,9332.614,55275.943,2052.505,2816.592,2367.329,72581.702,0.169,0.013,0.804,254729.878,-116.803696804037,65.7887110033361,51,30.5342699136677
"884","43",266.248187521,"Taiga Shield West","Northwest Territories",0.092,0.161,0.658,143.927,0.902,76.522,968.315,5663.55,212.879,292.121,245.458,7458.844,0.171,0.014,0.804,26169.945,-114.447306380105,65.0510155941924,51,28.0146282663866
"885","242",11501.8294178,"Taiga Shield West","Northwest Territories",0.182,0.355,0.393,158.789,0.901,3291.868,41608.88,240192.815,9143.886,12547.377,10540.036,317324.862,0.173,0.014,0.804,1113032.346,-116.051476064574,63.6611517468003,51,27.5890773957154
"886","331",141468.188515,"Taiga Shield West","Northwest Territories",0.253,0.51,0.117,177.444,0.899,37412.017,472344.728,2689876.598,103759.952,142377.95,119565.153,3565336.398,0.176,0.014,0.804,12501757.136,-115.345278756558,62.7680553842592,51,25.2023895649301
"887","241",4831.61458534,"Taiga Shield West","Northwest Territories",0.094,0.217,0.619,153.842,0.902,1426.82,18050.19,105242.684,3967.848,5444.825,4574.745,138707.11,0.172,0.014,0.804,486630.966,-115.960309031958,63.855421467596,51,28.7082314928146
"888","81",8448.02532867,"Taiga Shield West","Northwest Territories",0.09,0.238,0.586,145.256,0.902,2430.191,30747.666,179561.709,6759.368,9275.473,7793.529,236567.936,0.171,0.014,0.804,829989.034,-115.709946395292,63.8030758706119,51,28.0027493758998
"889","328",52529.3166695,"Taiga Shield West","Northwest Territories",0.019,0.108,0.783,173.195,0.902,15827.324,200285.868,1171873.158,44031.857,60422.43,50770.668,1543211.306,0.171,0.014,0.804,5414528.3,-114.755461467341,63.3092823673661,51,29.3780959632401
"890","330",15915.7270007,"Taiga Shield West","Northwest Territories",0.131,0.262,0.52,178.359,0.901,4621.059,58420.244,337956.921,12839.093,17618.052,14800.151,446255.52,0.173,0.014,0.804,1565338.252,-114.402430712294,62.960024168398,51,28.0386513277322
"891","90",1304.10195528,"Taiga Shield West","Northwest Territories",0.065,0.529,0.381,147.163,0.901,399.959,5058.963,29443.749,1112.002,1525.924,1282.019,38822.615,0.172,0.014,0.804,136197.482,-115.183228506167,64.2643125291841,51,29.7696164343719
"892","291",145.000576043,"Taiga Shield West","Northwest Territories",0.01,0.038,0.849,90.673,0.904,39.156,496.703,2988.714,109.293,149.984,126.106,3909.957,0.166,0.013,0.804,13726.989,-114.36192672084,63.2446107984308,51,26.9651135650696
"893","87",11477.2842678,"Taiga Shield West","Northwest Territories",0.053,0.115,0.81,146.015,0.902,3605.31,45635.421,267847.684,10033.73,13768.794,11570.242,352461.18,0.17,0.013,0.804,1236734.335,-115.270758949391,64.5089185355764,51,30.7094580717883
"894","326",50599.1553728,"Taiga Shield West","Northwest Territories",0.22,0.285,0.359,174.556,0.9,13407.72,169388.527,972107.335,37218.266,51071.011,42895.379,1286088.238,0.174,0.014,0.804,4510418.657,-113.481727215842,62.1948160980564,51,25.4171878665656
"895","76",2430.51272308,"Taiga Shield West","Northwest Territories",0.08,0.212,0.657,160.263,0.902,739.53,9355.517,54547.088,2056.554,2822.077,2371.107,71891.874,0.172,0.014,0.804,252220.726,-114.649721687756,63.9200352084635,51,29.578892271297
"896","217",43522.4451178,"Taiga Shield West","Northwest Territories",0.163,0.356,0.363,181.937,0.9,12025.333,151956.29,874274.743,33390.207,45818.295,38485.369,1155950.236,0.174,0.014,0.804,4054249.727,-113.844580658702,62.7904042430862,51,26.5598642923496
"897","82",5210.06748867,"Taiga Shield West","Northwest Territories",0.059,0.187,0.713,155.448,0.902,1610.326,20376.56,119141.137,4479.606,6147.105,5165.111,156919.844,0.171,0.014,0.804,550562.044,-114.719631301731,64.3576926348772,51,30.1185818305125
"898","21",1728.96314337,"Taiga Shield West","Northwest Territories",0.068,0.155,0.753,179.813,0.901,551.662,6978.221,40642.405,1533.919,2104.895,1768.488,53579.591,0.172,0.014,0.804,187970.598,-114.478341447062,64.4216681613003,51,30.9894350295783
"899","75",9998.36770096,"Taiga Shield West","Northwest Territories",0.074,0.291,0.577,179.066,0.901,3048.782,38555.529,223878.728,8474.29,11628.649,9769.468,295355.447,0.172,0.014,0.804,1036111.377,-113.722561722886,63.3592691370835,51,29.5403665711995
"900","77",5269.2258014,"Taiga Shield West","Northwest Territories",0.073,0.222,0.663,158.645,0.902,1621.074,20508.776,119656.412,4508.379,6186.567,5198.022,157679.229,0.171,0.014,0.804,553199.826,-113.945979367408,63.8810815451504,51,29.9245534245478
"901","72",200.113902568,"Taiga Shield West","Northwest Territories",0.278,0.429,0.209,193.024,0.899,55.498,700.635,3986.134,153.905,211.186,177.345,5284.703,0.176,0.014,0.804,18530.259,-112.454141668392,61.7979764688081,51,26.4084750343831
"902","240",7203.36106769,"Taiga Shield West","Northwest Territories",0.094,0.238,0.644,158.862,0.902,2243.622,28381.199,165337.786,6238.674,8560.923,7192.751,217954.954,0.172,0.014,0.804,764644.531,-113.493507145494,63.5277353509777,51,30.2573967835121
"903","307",118.825024253,"Taiga Shield West","Northwest Territories",0.053,0.203,0.632,99.966,0.903,31.604,400.521,2383.297,88.099,120.896,101.624,3126.042,0.168,0.013,0.804,10972.155,-113.337140392085,63.3489737287501,51,26.3079432943695
"904","34",646.375946271,"Taiga Shield West","Northwest Territories",0.304,0.306,0.101,184.207,0.899,133.436,1683.445,9501.233,369.713,507.308,425.948,12621.084,0.177,0.014,0.804,44246.386,-112.776488039585,62.590602933293,51,19.5259184269033
"905","83",91123.3063792,"Taiga Shield West","Northwest Territories",0.107,0.523,0.316,160.148,0.901,26993.257,341257.833,1974443.901,74998.207,102913.952,86453.093,2607060.242,0.173,0.014,0.804,9144872.518,-113.454597571964,64.0906650505181,51,28.6102463309551
"906","35",126.52820457,"Taiga Shield West","Northwest Territories",0.3,0.249,0.028,184.856,0.898,20.629,260.083,1456.16,57.106,78.358,65.781,1938.117,0.179,0.014,0.804,6793.305,-112.499803129328,62.6327408859577,51,15.3176677610071
"907","71",156.353389492,"Taiga Shield West","Northwest Territories",0.367,0.292,0.072,160.902,0.898,31.961,403.153,2270.553,88.535,121.484,101.997,3017.682,0.178,0.014,0.804,10578.721,-113.311817519924,62.676223959053,51,19.3003938693277
"908","314",65708.1457755,"Taiga Shield West","Northwest Territories",0.156,0.301,0.435,164.585,0.901,18266.371,230908.508,1334547.784,50745.773,69634.235,58495.575,1762598.246,0.173,0.014,0.804,6182565.804,-110.911987379322,60.1529108782153,51,26.8246535524246
"909","313",475756.90354,"Taiga Shield West","Northwest Territories",0.182,0.274,0.203,170.84,0.9,94860.82,1198172.541,6858034.053,263243.236,361221.618,303378.449,9078910.719,0.175,0.014,0.804,31838597.219,-111.863293678576,60.6190778799671,51,19.0830877102274
"910","224",3311.04684322,"Taiga Shield West","Northwest Territories",0.145,0.334,0.452,147.202,0.901,952.123,12040.405,69891.594,2646.409,3631.474,3050.872,92212.876,0.172,0.014,0.804,323481.48,-109.817181662587,61.2914109313313,51,27.8500668719995
"911","312",147154.601142,"Taiga Shield West","Northwest Territories",0.215,0.479,0.173,156.44,0.9,38263.144,483373.174,2771977.368,106204.233,145733.525,122401.326,3667952.77,0.174,0.014,0.804,12863611.989,-111.432426366231,61.3016432708205,51,24.9258449381445
"912","311",61515.1936394,"Taiga Shield West","Northwest Territories",0.078,0.169,0.678,148.722,0.902,18115.273,229228.643,1340540.548,50394.331,69153.261,58106.473,1765538.528,0.171,0.014,0.804,6194513.739,-110.449009893567,61.4257191069522,51,28.7008529689352
"913","74",1142.34642909,"Taiga Shield West","Northwest Territories",0.233,0.348,0.162,187.63,0.899,255.637,3227.249,18358.241,708.911,972.757,816.88,24339.676,0.176,0.014,0.804,85344.248,-112.22927609022,62.7582986625701,51,21.3067379388485
"914","37",747.762755876,"Taiga Shield West","Northwest Territories",0.101,0.193,0.607,165.649,0.901,215.367,2723.939,15841.763,598.739,821.608,690.277,20891.694,0.172,0.014,0.804,73290.883,-113.08402724654,64.4646075932111,51,27.9389336200965
"915","232",30116.1944879,"Taiga Shield West","Northwest Territories",0.06,0.547,0.356,158.581,0.901,9206.248,116422.422,675909.579,25588.644,35113.4,29499.193,891739.485,0.172,0.014,0.804,3128226.876,-112.02483448143,63.0525128864826,51,29.6099656733948
"916","89",934.795044879,"Taiga Shield West","Northwest Territories",0.112,0.139,0.663,173.931,0.901,274.542,3472.096,20173.702,763.169,1047.242,879.828,26610.58,0.172,0.014,0.804,93351.497,-112.261512722349,63.5669422250577,51,28.4667533763452
"917","325",5907.51818863,"Taiga Shield West","Northwest Territories",0.099,0.113,0.704,123.924,0.902,1669.966,21143.044,124428.036,4649.077,6379.729,5361.387,163631.239,0.17,0.013,0.804,574191.622,-111.939319620109,63.568441714642,51,27.6988125597202
"918","88",1446.02581335,"Taiga Shield West","Northwest Territories",0.075,0.124,0.723,158.565,0.902,428.838,5426.021,31701.444,1192.839,1636.863,1375.356,41761.361,0.171,0.014,0.804,146519.499,-109.102430979504,62.3305189788707,51,28.8800937123326
"919","32",1636.07133443,"Taiga Shield West","Northwest Territories",0.105,0.094,0.682,138.445,0.902,451.51,5714.155,33470.988,1256.288,1723.937,1448.609,44065.486,0.171,0.013,0.804,154612.271,-108.539929634481,63.0015685266001,51,26.9337192533553
"920","61",1091.11345627,"Taiga Shield West","Northwest Territories",0.088,0.153,0.688,117.43,0.903,310.684,3934.312,23208.778,865.165,1187.233,997.777,30503.949,0.17,0.013,0.804,107045.823,-107.666525410405,63.1413874742041,51,27.9567159810113
"921","61",291.837627406,"Taiga Shield West","Northwest Territories",0.088,0.153,0.688,120.609,0.903,83.475,1056.965,6227.96,232.421,318.942,268.039,8187.801,0.17,0.013,0.804,28732.266,-107.631077041779,63.1360893701732,51,28.0560155069012
"922","63",2365.59732339,"Taiga Shield West","Northwest Territories",0.108,0.17,0.641,113.311,0.903,656.455,8312.761,49025.75,1827.986,2508.476,2108.17,64439.598,0.17,0.013,0.804,226133.056,-107.373514169395,62.8648823429135,51,27.2403072842741
"923","80",293.964386163,"Taiga Shield West","Northwest Territories",0.109,0.393,0.421,165.336,0.901,85.688,1083.396,6275.052,238.106,326.735,274.482,8283.459,0.173,0.014,0.804,29056.853,-110.490975631991,62.4807865824293,51,28.1784440221507
"924","54",3331.84331187,"Taiga Shield West","Northwest Territories",0.05,0.122,0.757,99.856,0.904,934.243,11841.747,70609.567,2604.891,3574.656,3004.945,92570.049,0.168,0.013,0.804,324928.107,-106.803830335843,60.0159338571575,51,27.7834340739286
"925","237",5418.93143644,"Taiga Shield West","Northwest Territories",0.065,0.183,0.723,95.04,0.904,1561.333,19791.536,118099.843,4353.748,5974.595,5022.478,154803.532,0.168,0.013,0.804,543381.381,-106.203604825041,60.1025004115282,51,28.5671693424671
"926","23",6083.37059784,"Taiga Shield West","Northwest Territories",0.079,0.179,0.691,101.267,0.903,1725.657,21866.409,129929.48,4809.55,6600.042,5547.723,170478.86,0.168,0.013,0.804,598347.964,-106.296469660593,60.2169971810578,51,28.0237505274677
"927","24",4357.23729377,"Taiga Shield West","Northwest Territories",0.064,0.178,0.639,115.308,0.903,1177.524,14913.385,88108.865,3279.632,4500.526,3782.461,115762.392,0.169,0.013,0.804,406252.389,-108.369785695733,60.0396117696635,51,26.5678420051893
"928","239",18684.4557063,"Taiga Shield West","Northwest Territories",0.06,0.138,0.771,121.278,0.903,5636.709,71386.173,421550.653,15698.447,21542.421,18105.107,553919.512,0.169,0.013,0.804,1943884.633,-108.057545387134,60.2889044113116,51,29.6460073928314
"929","238",7596.74762918,"Taiga Shield West","Northwest Territories",0.076,0.139,0.726,116.676,0.903,2198.375,27842.436,164489.352,6122.894,8402.237,7061.656,216116.95,0.169,0.013,0.804,758432.375,-108.046879068147,60.4658744113178,51,28.4486151902519
"930","234",427.544435536,"Taiga Shield West","Northwest Territories",0.043,0.069,0.836,85.437,0.904,119.132,1511.33,9100.771,332.559,456.373,383.725,11903.89,0.166,0.013,0.804,41792.597,-102.532054894478,60.9913984862083,51,27.8424627023304
"931","316",3572.49758188,"Taiga Shield West","Northwest Territories",0.171,0.23,0.393,140.621,0.901,857.089,10837.464,62830.107,2381.942,3268.559,2745.923,82921.083,0.172,0.014,0.804,290877.537,-109.918982192418,60.494184287615,51,23.2109556688247
"932","260",7086.21405217,"Taiga Shield West","Northwest Territories",0.073,0.127,0.742,100.682,0.903,2002.995,25384.142,151068.599,5583.56,7662.219,6440.782,198142.299,0.168,0.013,0.804,695465.272,-104.055176652619,61.2974637422142,51,27.9616587279526
"933","236",1539.50073038,"Taiga Shield West","Northwest Territories",0.081,0.189,0.695,115.402,0.903,454.705,5758.551,34000.93,1266.352,1737.77,1460.487,44678.795,0.169,0.013,0.804,156792.013,-106.157911671377,61.2057540813452,51,29.0216133830426
"934","26",870.754783408,"Taiga Shield West","Northwest Territories",0.15,0.194,0.459,144.493,0.901,214.579,2713.692,15762.787,596.47,818.493,687.645,20793.666,0.172,0.014,0.804,72944.91,-110.324548119447,60.8403676931828,51,23.8800479724232
"935","235",2055.59116402,"Taiga Shield West","Northwest Territories",0.07,0.107,0.785,106.33,0.903,600.397,7607.581,45185.844,1673.28,2296.205,1930.079,59293.386,0.168,0.013,0.804,208106.492,-104.74354503521,61.3887946817249,51,28.8449313452211
"936","31",1517.05131027,"Taiga Shield West","Northwest Territories",0.096,0.091,0.727,114.399,0.903,422.63,5352.695,31628.354,1177.135,1615.342,1357.623,41553.781,0.169,0.013,0.804,145827.686,-105.957904336346,61.5231962583108,51,27.3911506609519
"937","55",200.772380626,"Taiga Shield West","Northwest Territories",0.225,0.189,0.405,112.461,0.902,47.188,596.976,3481.63,131.233,180.083,151.309,4588.419,0.171,0.014,0.804,16097.766,-105.65014037478,62.1364467511146,51,22.8538357003762
"938","25",258.46007272,"Taiga Shield West","Northwest Territories",0.114,0.122,0.536,99.875,0.903,58.408,739.927,4383.925,162.735,223.316,187.699,5756.01,0.169,0.013,0.804,20201.177,-107.667765760477,60.1792188992907,51,22.2704030817004
"939","60",412.27870537,"Taiga Shield West","Northwest Territories",0.085,0.14,0.598,98.967,0.903,100.537,1273.958,7571.449,280.212,384.529,323.221,9933.906,0.168,0.013,0.804,34866.25,-106.798892768661,60.2419534524896,51,24.0951227182224
"940","29",433.722796316,"Taiga Shield West","Northwest Territories",0.218,0.222,0.464,106.176,0.902,112.443,1423.099,8339.554,312.884,429.354,360.789,10978.124,0.171,0.013,0.804,38519.195,-105.95115148731,62.4251252199383,51,25.3113834302627
"941","274",186.143676807,"Taiga Shield West","Northwest Territories",0.008,0.06,0.735,66.396,0.906,42.028,533.986,3270.263,117.563,161.337,135.708,4260.886,0.163,0.013,0.804,14964.777,-107.126657687762,60.6029008444971,51,22.8903074930546
"942","30",190.529189499,"Taiga Shield West","Northwest Territories",0.26,0.335,0.17,60.535,0.904,35.315,447.766,2679.557,98.51,135.185,113.65,3509.984,0.167,0.013,0.804,12321.271,-102.026687226043,62.7656574282404,51,18.4222900922928
"943","27",963.418631199,"Taiga Shield West","Northwest Territories",0.105,0.071,0.73,32.175,0.909,204.591,2608.169,16567.371,574.911,789.028,664.268,21408.339,0.157,0.012,0.804,75247.706,-103.820580238282,61.2688940242353,51,22.2212217064525
"944","279",116.205502896,"Taiga Shield West","Northwest Territories",0.044,0.351,0.521,70.367,0.905,29.511,374.573,2268.503,82.436,113.129,95.133,2963.285,0.165,0.013,0.804,10404.919,-105.700962163767,61.0617278391427,51,25.5003844581443
"945","275",193.807861611,"Taiga Shield West","Northwest Territories",0.009,0.17,0.657,66.768,0.906,45.393,576.596,3522.058,126.933,174.196,146.514,4591.69,0.164,0.013,0.804,16125.703,-105.787122024282,60.737254447027,51,23.6919697778627
"946","59",287.328336861,"Taiga Shield West","Northwest Territories",0.16,0.368,0.373,62.3,0.905,66.82,848.022,5128.549,186.627,256.112,215.364,6701.495,0.165,0.013,0.804,23530.061,-103.401513570663,60.5394721675578,51,23.3234740200441
"947","261",246.600739465,"Taiga Shield West","Northwest Territories",0.129,0.192,0.589,99.394,0.903,65.623,831.294,4923.653,182.827,250.889,210.872,6465.158,0.169,0.013,0.804,22689.833,-105.410165069859,61.0984307726654,51,26.2171071101658
"948","28",355.508175717,"Taiga Shield West","Northwest Territories",0.268,0.027,0.536,105.083,0.902,83.2,1052.89,6162.949,231.485,317.654,266.923,8115.102,0.171,0.014,0.804,28472.858,-104.936502544671,62.2760458836249,51,22.8267661738952
"949","317",35423.4383072,"Boreal Plains","Northwest Territories",0.038,0.684,0.152,216.608,0.894,23951.766,300922,1612552.64,65945.002,90477.352,75846.868,2169695.627,0.187,0.015,0.797,7597975.435,-112.495217943473,60.0986856229758,52,61.250283165172
"950","319",11184.7285035,"Boreal Plains","Northwest Territories",0.204,0.352,0.144,149.228,0.894,5418.134,68086.901,365905.528,14921.861,20473.054,17163.408,491968.886,0.186,0.015,0.797,1722923.95,-113.843336002241,60.449717122313,52,43.9857691535427
"951","319",1488.14283645,"Boreal Plains","Northwest Territories",0.204,0.352,0.144,191.092,0.893,765.442,9610.813,51093.455,2105.639,2888.925,2421.35,68885.623,0.188,0.015,0.797,241183.766,-113.685832929774,60.5511846360809,52,46.2896580306285
"952","315",1714.09514411,"Boreal Plains","Northwest Territories",0.283,0.244,0.257,165.124,0.894,950.7,11940.858,63752.639,2616.452,3589.783,3009.046,85859.478,0.187,0.015,0.797,300642.83,-112.796126184509,60.8068251257523,52,50.0902638310549
"953","225",157.081436128,"Boreal Plains","Northwest Territories",0.357,0.29,0.159,173.304,0.893,89.304,1120.89,5931.001,245.541,336.879,282.325,8005.94,0.189,0.015,0.797,28027.53,-112.77212744048,60.9261488034644,52,50.9668118483221
"954","226",573.24307862,"Boreal Plains","Northwest Territories",0.154,0.227,0.138,170.939,0.894,213.7,2684.273,14344.093,588.187,806.997,676.458,19313.709,0.187,0.015,0.797,67629.645,-113.175379112377,61.2088001869523,52,33.6920055737872
"955","2144",435.49684224,"Taiga Cordillera","Northwest Territories",0.029,0.077,0.879,46.038,0.918,110.662,1426.987,10163.471,315.927,433.688,366.273,12817.008,0.14,0.011,0.731,45154.643,-127.972365902224,62.5011290948589,53,29.4307713784446
"956","1927",214.460107891,"Taiga Cordillera","Northwest Territories",0.034,0.013,0.527,17.105,0.922,27.783,360.221,2696.941,79.913,109.713,92.794,3367.366,0.134,0.01,0.731,11874.751,-126.893230837605,63.6281482021115,53,15.7015961295304
"957","256",237.782338793,"Taiga Cordillera","Northwest Territories",0.031,0.02,0.915,5.784,0.923,49.997,649.683,4959.75,144.247,198.044,167.602,6169.322,0.131,0.01,0.731,21763.644,-126.352994283418,63.5787717294241,53,25.9452490513632
"958","2137",100.198779789,"Taiga Shield West","Northwest Territories",0.309,0.055,0.155,75.504,0.901,12.338,156.06,908.554,34.306,47.076,39.554,1197.889,0.172,0.014,0.804,4202.423,-94.0336877993376,64.6951709297654,51,11.9551256265049
"959","50",326.389558663,"Taiga Shield West","Northwest Territories",0.26,0.142,0.247,106.753,0.901,57.69,729.407,4225.001,160.314,219.987,184.812,5577.212,0.173,0.014,0.804,19563.767,-113.010736311885,66.5616743122126,51,17.0875931903156
"960","46",1452.95156072,"Taiga Shield West","Northwest Territories",0.102,0.087,0.705,116.597,0.903,396.782,5024.702,29648.629,1104.958,1516.293,1274.337,38965.699,0.169,0.013,0.804,136740.878,-109.843775571841,65.161858463819,51,26.8183056155642
"961","233",790.333523237,"Taiga Shield West","Northwest Territories",0.133,0.122,0.664,109.289,0.903,216.563,2742.575,16189.198,603.115,827.633,695.575,21274.66,0.169,0.013,0.804,74659.005,-109.647483287682,65.3098302448943,51,26.9185848436044
"962","73",183.343004255,"Taiga Shield West","Northwest Territories",0.265,0.153,0.455,75.944,0.903,41.992,532.153,3166.033,117.055,160.633,135.028,4152.893,0.168,0.013,0.804,14576.221,-96.4264497209038,63.6682968942804,51,22.6509487879014
"963","222",1065.48051134,"Hudson Plains","Ontario",0.041,0.048,0.888,116.417,0.906,418.093,5313.416,32634.146,1169.541,1604.997,1349.807,42490,0.163,0.013,0.718,149245.059,-79.0425430288264,52.1032544640784,18,39.8787209599569
"964","231",139.115228074,"Hudson Plains","Ontario",0.122,0.138,0.668,101.476,0.906,48.027,610.56,3763.377,134.41,184.456,155.144,4895.973,0.162,0.013,0.718,17198.26,-79.5875929390002,51.9293630251836,18,35.193652541012
"965","829",308.47528041,"Boreal Cordillera","British Columbia",0.277,0.237,0.442,70.156,0.905,140.072,1777.625,10748.033,391.074,536.669,451.171,14044.644,0.165,0.013,0.733,49314.731,-128.593365438678,53.8495893945211,40,45.5292365123488
"966","776",202.538986367,"Boreal Cordillera","British Columbia",0.327,0.219,0.353,88.458,0.902,93.097,1178.106,6894.142,258.893,355.256,298.417,9077.911,0.171,0.014,0.733,31852.545,-127.849129482033,53.2336239981025,40,44.8205610328811
